candidate_id,archetype_id,target_role,skill_match_score,market_demand_score,ai_exposure_score,transferability_score,skill_breadth_score,emerging_skill_alignment,skill_gap_score,experience_years,target_role_experience_requirement,experience_gap,number_of_matching_skills,number_of_missing_skills,transition_effort_score,readiness_label
cand_0001,arch_001,Java Backend Developer,0.154,0.742,0.243,0.514,0.389,0.0,0.846,1.2,3.0,-1.8,2,11,0.644,low
cand_0002,arch_001,Java Backend Developer,0.231,0.734,0.244,0.485,0.473,0.333,0.769,2.2,3.0,-0.8,3,10,0.596,low
cand_0003,arch_001,Java Backend Developer,0.154,0.755,0.324,0.537,0.412,0.0,0.846,2.0,3.0,-1.0,2,11,0.644,low
cand_0004,arch_001,Python Developer,0.167,0.685,0.344,0.591,0.383,0.0,0.833,1.2,2.5,-1.3,2,10,0.596,low
cand_0005,arch_001,Python Developer,0.25,0.665,0.355,0.524,0.459,0.333,0.75,1.5,2.5,-1.0,3,9,0.548,low
cand_0006,arch_001,Python Developer,0.167,0.737,0.337,0.587,0.42,0.0,0.833,0.5,2.5,-2.0,2,10,0.596,low
cand_0007,arch_001,Full Stack Developer,0.357,0.796,0.285,0.558,0.45,0.0,0.643,1.2,3.0,-1.8,5,9,0.519,low
cand_0008,arch_001,Full Stack Developer,0.429,0.732,0.325,0.477,0.473,0.333,0.571,1.9,3.0,-1.1,6,8,0.471,low
cand_0009,arch_001,Full Stack Developer,0.286,0.779,0.286,0.543,0.367,0.0,0.714,1.1,3.0,-1.9,4,10,0.596,low
cand_0010,arch_001,Frontend Developer,0.455,0.666,0.633,0.847,0.437,0.0,0.545,1.2,2.0,-0.8,5,6,0.317,moderate
cand_0011,arch_001,Frontend Developer,0.545,0.737,0.611,0.857,0.466,0.5,0.455,2.1,2.0,0.1,6,5,0.269,moderate
cand_0012,arch_001,Frontend Developer,0.455,0.742,0.657,0.85,0.451,0.0,0.545,1.3,2.0,-0.7,5,6,0.317,moderate
cand_0013,arch_001,Backend Developer,0.077,0.764,0.267,0.475,0.398,0.0,0.923,1.2,3.0,-1.8,1,12,0.721,low
cand_0014,arch_001,Backend Developer,0.154,0.786,0.308,0.585,0.471,0.0,0.846,1.2,3.0,-1.8,2,11,0.673,low
cand_0015,arch_001,Backend Developer,0.077,0.743,0.257,0.492,0.441,0.0,0.923,1.7,3.0,-1.3,1,12,0.721,low
cand_0016,arch_001,Data Analyst,0.0,0.726,0.68,0.539,0.425,0.0,1.0,1.2,2.0,-0.8,0,9,0.577,low
cand_0017,arch_001,Data Analyst,0.111,0.722,0.601,0.478,0.461,0.0,0.889,1.4,2.0,-0.6,1,8,0.529,low
cand_0018,arch_001,Data Analyst,0.0,0.708,0.598,0.531,0.466,0.0,1.0,2.1,2.0,0.1,0,9,0.577,low
cand_0019,arch_001,Data Scientist,0.083,0.855,0.357,0.608,0.368,0.0,0.917,1.2,4.0,-2.8,1,11,0.673,low
cand_0020,arch_001,Data Scientist,0.167,0.912,0.33,0.593,0.484,0.0,0.833,2.1,4.0,-1.9,2,10,0.625,low
cand_0021,arch_001,Data Scientist,0.0,0.923,0.345,0.512,0.333,0.0,1.0,1.1,4.0,-2.9,0,12,0.721,low
cand_0022,arch_001,Machine Learning Engineer,0.133,0.799,0.35,0.609,0.397,0.0,0.867,1.2,4.0,-2.8,2,13,0.769,low
cand_0023,arch_001,Machine Learning Engineer,0.2,0.794,0.332,0.556,0.528,0.25,0.8,2.0,4.0,-2.0,3,12,0.721,low
cand_0024,arch_001,Machine Learning Engineer,0.133,0.848,0.253,0.528,0.382,0.0,0.867,1.8,4.0,-2.2,2,13,0.769,low
cand_0025,arch_001,AI Engineer,0.154,0.899,0.269,0.509,0.423,0.0,0.846,1.2,3.5,-2.3,2,11,0.644,low
cand_0026,arch_001,AI Engineer,0.231,0.901,0.357,0.555,0.463,0.25,0.769,0.9,3.5,-2.6,3,10,0.596,low
cand_0027,arch_001,AI Engineer,0.154,0.796,0.303,0.567,0.463,0.0,0.846,2.2,3.5,-1.3,2,11,0.644,low
cand_0028,arch_001,MLOps Engineer,0.133,0.919,0.331,0.58,0.438,0.0,0.867,1.2,4.5,-3.3,2,13,0.769,low
cand_0029,arch_001,MLOps Engineer,0.2,0.84,0.302,0.489,0.472,0.25,0.8,1.5,4.5,-3.0,3,12,0.721,low
cand_0030,arch_001,MLOps Engineer,0.133,0.807,0.266,0.481,0.43,0.0,0.867,1.2,4.5,-3.3,2,13,0.769,low
cand_0031,arch_001,Data Engineer,0.143,0.677,0.349,0.608,0.374,0.0,0.857,1.2,3.5,-2.3,2,12,0.721,low
cand_0032,arch_001,Data Engineer,0.214,0.674,0.256,0.62,0.507,0.0,0.786,1.2,3.5,-2.3,3,11,0.673,low
cand_0033,arch_001,Data Engineer,0.143,0.769,0.263,0.486,0.41,0.0,0.857,1.6,3.5,-1.9,2,12,0.721,low
cand_0034,arch_001,DevOps Engineer,0.071,0.838,0.296,0.587,0.434,0.0,0.929,1.2,3.5,-2.3,1,13,0.769,low
cand_0035,arch_001,DevOps Engineer,0.143,0.78,0.327,0.598,0.461,0.0,0.857,2.7,3.5,-0.8,2,12,0.721,low
cand_0036,arch_001,DevOps Engineer,0.071,0.792,0.262,0.544,0.454,0.0,0.929,0.8,3.5,-2.7,1,13,0.769,low
cand_0037,arch_001,Cloud Engineer,0.143,0.782,0.337,0.607,0.376,0.0,0.857,1.2,3.0,-1.8,2,12,0.692,low
cand_0038,arch_001,Cloud Engineer,0.214,0.925,0.351,0.606,0.467,0.0,0.786,2.0,3.0,-1.0,3,11,0.644,low
cand_0039,arch_001,Cloud Engineer,0.143,0.914,0.26,0.47,0.322,0.0,0.857,1.7,3.0,-1.3,2,12,0.692,low
cand_0040,arch_001,Platform Engineer,0.071,0.918,0.334,0.516,0.436,0.0,0.929,1.2,4.5,-3.3,1,13,0.798,low
cand_0041,arch_001,Platform Engineer,0.143,0.795,0.276,0.625,0.508,0.0,0.857,2.2,4.5,-2.3,2,12,0.75,low
cand_0042,arch_001,Platform Engineer,0.071,0.779,0.31,0.55,0.452,0.0,0.929,1.8,4.5,-2.7,1,13,0.798,low
cand_0043,arch_001,Site Reliability Engineer (SRE),0.071,0.795,0.355,0.483,0.385,0.0,0.929,1.2,4.0,-2.8,1,13,0.798,low
cand_0044,arch_001,Site Reliability Engineer (SRE),0.143,0.835,0.353,0.561,0.508,0.333,0.857,1.9,4.0,-2.1,2,12,0.75,low
cand_0045,arch_001,Site Reliability Engineer (SRE),0.071,0.86,0.278,0.512,0.35,0.0,0.929,0.3,4.0,-3.7,1,13,0.798,low
cand_0046,arch_001,Cybersecurity Analyst,0.091,0.69,0.272,0.491,0.431,0.0,0.909,1.2,2.5,-1.3,1,10,0.596,low
cand_0047,arch_001,Cybersecurity Analyst,0.182,0.79,0.241,0.569,0.506,0.0,0.818,1.6,2.5,-0.9,2,9,0.548,low
cand_0048,arch_001,Cybersecurity Analyst,0.091,0.721,0.256,0.526,0.374,0.0,0.909,0.5,2.5,-2.0,1,10,0.596,low
cand_0049,arch_001,Cloud Security Engineer,0.077,0.679,0.274,0.54,0.421,0.0,0.923,1.2,4.0,-2.8,1,12,0.721,low
cand_0050,arch_001,Cloud Security Engineer,0.077,0.747,0.307,0.619,0.377,0.0,0.923,1.3,4.0,-2.7,1,12,0.721,low
cand_0051,arch_001,Cloud Security Engineer,0.0,0.759,0.259,0.515,0.304,0.0,1.0,2.8,4.0,-1.2,0,13,0.769,low
cand_0052,arch_001,QA Automation Engineer,0.25,0.695,0.672,0.606,0.417,0.0,0.75,1.2,2.5,-1.3,3,9,0.49,low
cand_0053,arch_001,QA Automation Engineer,0.333,0.648,0.666,0.603,0.454,0.0,0.667,1.2,2.5,-1.3,4,8,0.442,low
cand_0054,arch_001,QA Automation Engineer,0.25,0.666,0.643,0.583,0.339,0.0,0.75,1.2,2.5,-1.3,3,9,0.49,low
cand_0055,arch_001,Mobile Developer (React Native / Flutter),0.455,0.658,0.353,0.581,0.382,0.0,0.545,1.2,2.5,-1.3,5,6,0.317,low
cand_0056,arch_001,Mobile Developer (React Native / Flutter),0.545,0.733,0.258,0.49,0.481,0.333,0.455,0.8,2.5,-1.7,6,5,0.269,moderate
cand_0057,arch_001,Mobile Developer (React Native / Flutter),0.455,0.778,0.348,0.504,0.392,0.0,0.545,2.9,2.5,0.4,5,6,0.317,moderate
cand_0058,arch_001,Solutions Architect,0.071,0.656,0.334,0.611,0.407,0.0,0.929,1.2,6.5,-5.3,1,13,0.769,low
cand_0059,arch_001,Solutions Architect,0.143,0.788,0.268,0.496,0.53,0.333,0.857,1.9,6.5,-4.6,2,12,0.721,low
cand_0060,arch_001,Solutions Architect,0.071,0.669,0.351,0.595,0.408,0.0,0.929,0.7,6.5,-5.8,1,13,0.769,low
cand_0061,arch_002,Java Backend Developer,0.154,0.747,0.328,0.51,0.633,0.0,0.846,3.5,3.0,0.5,2,11,0.644,low
cand_0062,arch_002,Java Backend Developer,0.231,0.78,0.343,0.506,0.782,0.0,0.769,4.4,3.0,1.4,3,10,0.596,low
cand_0063,arch_002,Java Backend Developer,0.154,0.767,0.267,0.474,0.636,0.0,0.846,3.9,3.0,0.9,2,11,0.644,low
cand_0064,arch_002,Python Developer,0.167,0.693,0.344,0.625,0.645,0.0,0.833,3.5,2.5,1.0,2,10,0.596,low
cand_0065,arch_002,Python Developer,0.25,0.749,0.341,0.523,0.703,0.333,0.75,4.3,2.5,1.8,3,9,0.548,low
cand_0066,arch_002,Python Developer,0.167,0.646,0.312,0.525,0.612,0.0,0.833,5.1,2.5,2.6,2,10,0.596,low
cand_0067,arch_002,Full Stack Developer,0.5,0.71,0.358,0.489,0.707,0.0,0.5,3.5,3.0,0.5,7,7,0.394,moderate
cand_0068,arch_002,Full Stack Developer,0.571,0.753,0.24,0.618,0.754,0.333,0.429,3.4,3.0,0.4,8,6,0.346,moderate
cand_0069,arch_002,Full Stack Developer,0.5,0.747,0.284,0.481,0.683,0.0,0.5,4.7,3.0,1.7,7,7,0.394,moderate
cand_0070,arch_002,Frontend Developer,0.727,0.693,0.628,0.876,0.689,0.0,0.273,3.5,2.0,1.5,8,3,0.144,moderate
cand_0071,arch_002,Frontend Developer,0.818,0.747,0.629,0.852,0.755,0.0,0.182,3.6,2.0,1.6,9,2,0.096,high
cand_0072,arch_002,Frontend Developer,0.727,0.701,0.68,0.768,0.674,0.0,0.273,3.1,2.0,1.1,8,3,0.144,moderate
cand_0073,arch_002,Backend Developer,0.077,0.705,0.34,0.519,0.638,0.0,0.923,3.5,3.0,0.5,1,12,0.721,low
cand_0074,arch_002,Backend Developer,0.154,0.745,0.296,0.541,0.721,0.0,0.846,4.6,3.0,1.6,2,11,0.673,low
cand_0075,arch_002,Backend Developer,0.077,0.767,0.26,0.484,0.668,0.0,0.923,3.9,3.0,0.9,1,12,0.721,low
cand_0076,arch_002,Data Analyst,0.0,0.741,0.63,0.601,0.692,0.0,1.0,3.5,2.0,1.5,0,9,0.577,low
cand_0077,arch_002,Data Analyst,0.111,0.769,0.608,0.477,0.798,0.0,0.889,4.3,2.0,2.3,1,8,0.529,low
cand_0078,arch_002,Data Analyst,0.0,0.713,0.696,0.562,0.689,0.0,1.0,4.3,2.0,2.3,0,9,0.577,low
cand_0079,arch_002,Data Scientist,0.083,0.831,0.288,0.494,0.685,0.0,0.917,3.5,4.0,-0.5,1,11,0.673,low
cand_0080,arch_002,Data Scientist,0.167,0.893,0.253,0.538,0.718,0.333,0.833,4.8,4.0,0.8,2,10,0.625,low
cand_0081,arch_002,Data Scientist,0.083,0.778,0.27,0.606,0.662,0.0,0.917,5.4,4.0,1.4,1,11,0.673,low
cand_0082,arch_002,Machine Learning Engineer,0.133,0.898,0.32,0.628,0.676,0.0,0.867,3.5,4.0,-0.5,2,13,0.769,low
cand_0083,arch_002,Machine Learning Engineer,0.2,0.868,0.326,0.551,0.783,0.0,0.8,4.9,4.0,0.9,3,12,0.721,low
cand_0084,arch_002,Machine Learning Engineer,0.133,0.889,0.297,0.511,0.641,0.0,0.867,4.1,4.0,0.1,2,13,0.769,low
cand_0085,arch_002,AI Engineer,0.308,0.872,0.332,0.553,0.679,0.0,0.692,3.5,3.5,0.0,4,9,0.519,low
cand_0086,arch_002,AI Engineer,0.385,0.884,0.268,0.524,0.789,0.0,0.615,3.5,3.5,0.0,5,8,0.471,low
cand_0087,arch_002,AI Engineer,0.308,0.881,0.325,0.48,0.574,0.0,0.692,2.7,3.5,-0.8,4,9,0.519,low
cand_0088,arch_002,MLOps Engineer,0.133,0.857,0.29,0.503,0.659,0.0,0.867,3.5,4.5,-1.0,2,13,0.769,low
cand_0089,arch_002,MLOps Engineer,0.2,0.907,0.332,0.531,0.701,0.0,0.8,4.8,4.5,0.3,3,12,0.721,low
cand_0090,arch_002,MLOps Engineer,0.133,0.907,0.354,0.537,0.691,0.0,0.867,3.6,4.5,-0.9,2,13,0.769,low
cand_0091,arch_002,Data Engineer,0.143,0.727,0.312,0.505,0.639,0.0,0.857,3.5,3.5,0.0,2,12,0.721,low
cand_0092,arch_002,Data Engineer,0.214,0.702,0.32,0.598,0.772,0.0,0.786,3.9,3.5,0.4,3,11,0.673,low
cand_0093,arch_002,Data Engineer,0.143,0.797,0.304,0.615,0.676,0.0,0.857,5.0,3.5,1.5,2,12,0.721,low
cand_0094,arch_002,DevOps Engineer,0.071,0.876,0.25,0.539,0.703,0.0,0.929,3.5,3.5,0.0,1,13,0.769,low
cand_0095,arch_002,DevOps Engineer,0.143,0.831,0.265,0.522,0.776,0.0,0.857,3.4,3.5,-0.1,2,12,0.721,low
cand_0096,arch_002,DevOps Engineer,0.071,0.903,0.27,0.483,0.619,0.0,0.929,3.6,3.5,0.1,1,13,0.769,low
cand_0097,arch_002,Cloud Engineer,0.143,0.856,0.36,0.526,0.682,0.0,0.857,3.5,3.0,0.5,2,12,0.692,low
cand_0098,arch_002,Cloud Engineer,0.214,0.891,0.354,0.502,0.702,0.0,0.786,4.6,3.0,1.6,3,11,0.644,low
cand_0099,arch_002,Cloud Engineer,0.143,0.86,0.266,0.582,0.61,0.0,0.857,3.0,3.0,0.0,2,12,0.692,low
cand_0100,arch_002,Platform Engineer,0.071,0.797,0.313,0.59,0.628,0.0,0.929,3.5,4.5,-1.0,1,13,0.798,low
cand_0101,arch_002,Platform Engineer,0.143,0.787,0.243,0.52,0.768,0.333,0.857,4.6,4.5,0.1,2,12,0.75,low
cand_0102,arch_002,Platform Engineer,0.071,0.884,0.249,0.58,0.679,0.0,0.929,5.4,4.5,0.9,1,13,0.798,low
cand_0103,arch_002,Site Reliability Engineer (SRE),0.071,0.786,0.333,0.606,0.677,0.0,0.929,3.5,4.0,-0.5,1,13,0.798,low
cand_0104,arch_002,Site Reliability Engineer (SRE),0.143,0.826,0.291,0.529,0.751,0.0,0.857,3.2,4.0,-0.8,2,12,0.75,low
cand_0105,arch_002,Site Reliability Engineer (SRE),0.071,0.902,0.253,0.624,0.68,0.0,0.929,3.5,4.0,-0.5,1,13,0.798,low
cand_0106,arch_002,Cybersecurity Analyst,0.091,0.773,0.325,0.54,0.69,0.0,0.909,3.5,2.5,1.0,1,10,0.596,low
cand_0107,arch_002,Cybersecurity Analyst,0.182,0.739,0.35,0.594,0.746,0.0,0.818,4.9,2.5,2.4,2,9,0.548,low
cand_0108,arch_002,Cybersecurity Analyst,0.091,0.692,0.269,0.62,0.645,0.0,0.909,5.0,2.5,2.5,1,10,0.596,low
cand_0109,arch_002,Cloud Security Engineer,0.077,0.712,0.33,0.561,0.683,0.0,0.923,3.5,4.0,-0.5,1,12,0.721,low
cand_0110,arch_002,Cloud Security Engineer,0.154,0.776,0.262,0.504,0.78,0.0,0.846,3.7,4.0,-0.3,2,11,0.673,low
cand_0111,arch_002,Cloud Security Engineer,0.077,0.752,0.273,0.472,0.711,0.0,0.923,3.5,4.0,-0.5,1,12,0.721,low
cand_0112,arch_002,QA Automation Engineer,0.333,0.654,0.676,0.548,0.692,0.0,0.667,3.5,2.5,1.0,4,8,0.413,low
cand_0113,arch_002,QA Automation Engineer,0.417,0.754,0.644,0.473,0.729,0.0,0.583,4.4,2.5,1.9,5,7,0.365,moderate
cand_0114,arch_002,QA Automation Engineer,0.333,0.716,0.654,0.538,0.608,0.0,0.667,3.7,2.5,1.2,4,8,0.413,low
cand_0115,arch_002,Mobile Developer (React Native / Flutter),0.545,0.693,0.324,0.513,0.642,0.0,0.455,3.5,2.5,1.0,6,5,0.24,moderate
cand_0116,arch_002,Mobile Developer (React Native / Flutter),0.636,0.69,0.329,0.622,0.769,0.0,0.364,3.2,2.5,0.7,7,4,0.192,moderate
cand_0117,arch_002,Mobile Developer (React Native / Flutter),0.545,0.684,0.311,0.592,0.676,0.0,0.455,3.1,2.5,0.6,6,5,0.24,moderate
cand_0118,arch_002,Solutions Architect,0.071,0.797,0.34,0.517,0.653,0.0,0.929,3.5,6.5,-3.0,1,13,0.769,low
cand_0119,arch_002,Solutions Architect,0.143,0.684,0.357,0.559,0.77,0.333,0.857,3.6,6.5,-2.9,2,12,0.721,low
cand_0120,arch_002,Solutions Architect,0.071,0.719,0.345,0.562,0.664,0.0,0.929,2.9,6.5,-3.6,1,13,0.769,low
cand_0121,arch_003,Java Backend Developer,0.462,0.71,0.262,0.478,0.877,0.0,0.538,6.0,3.0,3.0,6,7,0.394,moderate
cand_0122,arch_003,Java Backend Developer,0.538,0.704,0.249,0.571,0.872,0.333,0.462,6.5,3.0,3.5,7,6,0.346,moderate
cand_0123,arch_003,Java Backend Developer,0.462,0.689,0.359,0.489,0.86,0.0,0.538,5.4,3.0,2.4,6,7,0.394,moderate
cand_0124,arch_003,Python Developer,0.417,0.737,0.335,0.506,0.836,0.0,0.583,6.0,2.5,3.5,5,7,0.423,moderate
cand_0125,arch_003,Python Developer,0.5,0.688,0.311,0.539,0.924,0.333,0.5,6.4,2.5,3.9,6,6,0.375,moderate
cand_0126,arch_003,Python Developer,0.417,0.656,0.332,0.57,0.81,0.0,0.583,5.2,2.5,2.7,5,7,0.423,moderate
cand_0127,arch_003,Full Stack Developer,0.571,0.653,0.269,0.828,0.799,0.0,0.429,6.0,3.0,3.0,8,6,0.317,moderate
cand_0128,arch_003,Full Stack Developer,0.571,0.687,0.268,0.853,0.854,0.0,0.429,6.3,3.0,3.3,8,6,0.317,moderate
cand_0129,arch_003,Full Stack Developer,0.571,0.788,0.335,0.84,0.849,0.0,0.429,6.4,3.0,3.4,8,6,0.317,moderate
cand_0130,arch_003,Frontend Developer,0.364,0.789,0.641,0.557,0.848,0.0,0.636,6.0,2.0,4.0,4,7,0.394,moderate
cand_0131,arch_003,Frontend Developer,0.364,0.651,0.61,0.519,0.858,0.0,0.636,7.3,2.0,5.3,4,7,0.394,moderate
cand_0132,arch_003,Frontend Developer,0.364,0.715,0.626,0.534,0.727,0.0,0.636,6.7,2.0,4.7,4,7,0.394,moderate
cand_0133,arch_003,Backend Developer,0.462,0.726,0.293,0.566,0.872,0.0,0.538,6.0,3.0,3.0,6,7,0.423,moderate
cand_0134,arch_003,Backend Developer,0.462,0.68,0.251,0.624,0.867,0.0,0.538,7.0,3.0,4.0,6,7,0.423,moderate
cand_0135,arch_003,Backend Developer,0.462,0.8,0.321,0.513,0.787,0.0,0.538,6.7,3.0,3.7,6,7,0.423,moderate
cand_0136,arch_003,Data Analyst,0.111,0.761,0.646,0.574,0.875,0.0,0.889,6.0,2.0,4.0,1,8,0.5,low
cand_0137,arch_003,Data Analyst,0.222,0.742,0.649,0.485,0.901,0.5,0.778,5.9,2.0,3.9,2,7,0.452,low
cand_0138,arch_003,Data Analyst,0.111,0.777,0.63,0.581,0.812,0.0,0.889,6.0,2.0,4.0,1,8,0.5,low
cand_0139,arch_003,Data Scientist,0.25,0.921,0.338,0.558,0.829,0.0,0.75,6.0,4.0,2.0,3,9,0.548,low
cand_0140,arch_003,Data Scientist,0.25,0.789,0.333,0.608,0.866,0.0,0.75,6.1,4.0,2.1,3,9,0.548,low
cand_0141,arch_003,Data Scientist,0.25,0.844,0.247,0.553,0.846,0.0,0.75,5.0,4.0,1.0,3,9,0.548,low
cand_0142,arch_003,Machine Learning Engineer,0.267,0.85,0.293,0.478,0.81,0.0,0.733,6.0,4.0,2.0,4,11,0.615,low
cand_0143,arch_003,Machine Learning Engineer,0.333,0.84,0.324,0.489,0.964,0.25,0.667,5.8,4.0,1.8,5,10,0.567,low
cand_0144,arch_003,Machine Learning Engineer,0.267,0.82,0.242,0.535,0.722,0.0,0.733,6.8,4.0,2.8,4,11,0.615,low
cand_0145,arch_003,AI Engineer,0.385,0.905,0.254,0.622,0.848,0.0,0.615,6.0,3.5,2.5,5,8,0.442,moderate
cand_0146,arch_003,AI Engineer,0.462,0.851,0.273,0.604,0.965,0.25,0.538,5.8,3.5,2.3,6,7,0.394,moderate
cand_0147,arch_003,AI Engineer,0.385,0.831,0.351,0.551,0.871,0.0,0.615,5.7,3.5,2.2,5,8,0.442,moderate
cand_0148,arch_003,MLOps Engineer,0.267,0.908,0.273,0.596,0.825,0.0,0.733,6.0,4.5,1.5,4,11,0.644,low
cand_0149,arch_003,MLOps Engineer,0.333,0.813,0.24,0.586,0.95,0.25,0.667,7.4,4.5,2.9,5,10,0.596,low
cand_0150,arch_003,MLOps Engineer,0.267,0.908,0.294,0.547,0.817,0.0,0.733,6.7,4.5,2.2,4,11,0.644,low
cand_0151,arch_003,Data Engineer,0.357,0.762,0.285,0.619,0.87,0.0,0.643,6.0,3.5,2.5,5,9,0.49,moderate
cand_0152,arch_003,Data Engineer,0.429,0.731,0.268,0.594,0.871,0.25,0.571,7.5,3.5,4.0,6,8,0.442,moderate
cand_0153,arch_003,Data Engineer,0.357,0.77,0.286,0.576,0.865,0.0,0.643,7.2,3.5,3.7,5,9,0.49,moderate
cand_0154,arch_003,DevOps Engineer,0.214,0.927,0.299,0.476,0.834,0.0,0.786,6.0,3.5,2.5,3,11,0.644,low
cand_0155,arch_003,DevOps Engineer,0.286,0.91,0.293,0.554,0.912,0.0,0.714,6.7,3.5,3.2,4,10,0.596,low
cand_0156,arch_003,DevOps Engineer,0.214,0.875,0.259,0.545,0.88,0.0,0.786,7.2,3.5,3.7,3,11,0.644,low
cand_0157,arch_003,Cloud Engineer,0.286,0.824,0.323,0.574,0.869,0.0,0.714,6.0,3.0,3.0,4,10,0.567,low
cand_0158,arch_003,Cloud Engineer,0.357,0.923,0.315,0.612,0.915,0.333,0.643,7.2,3.0,4.2,5,9,0.519,moderate
cand_0159,arch_003,Cloud Engineer,0.286,0.808,0.322,0.516,0.806,0.0,0.714,6.6,3.0,3.6,4,10,0.567,low
cand_0160,arch_003,Platform Engineer,0.214,0.784,0.357,0.592,0.854,0.0,0.786,6.0,4.5,1.5,3,11,0.673,low
cand_0161,arch_003,Platform Engineer,0.286,0.881,0.348,0.477,0.946,0.333,0.714,5.7,4.5,1.2,4,10,0.625,low
cand_0162,arch_003,Platform Engineer,0.214,0.793,0.304,0.561,0.863,0.0,0.786,5.9,4.5,1.4,3,11,0.673,low
cand_0163,arch_003,Site Reliability Engineer (SRE),0.143,0.797,0.249,0.609,0.845,0.0,0.857,6.0,4.0,2.0,2,12,0.721,low
cand_0164,arch_003,Site Reliability Engineer (SRE),0.143,0.807,0.317,0.544,0.85,0.0,0.857,6.0,4.0,2.0,2,12,0.721,low
cand_0165,arch_003,Site Reliability Engineer (SRE),0.143,0.816,0.306,0.482,0.878,0.0,0.857,7.7,4.0,3.7,2,12,0.721,low
cand_0166,arch_003,Cybersecurity Analyst,0.182,0.798,0.276,0.624,0.852,0.0,0.818,6.0,2.5,3.5,2,9,0.519,low
cand_0167,arch_003,Cybersecurity Analyst,0.273,0.672,0.286,0.547,0.89,0.0,0.727,6.4,2.5,3.9,3,8,0.471,low
cand_0168,arch_003,Cybersecurity Analyst,0.182,0.799,0.275,0.626,0.849,0.0,0.818,6.7,2.5,4.2,2,9,0.519,low
cand_0169,arch_003,Cloud Security Engineer,0.154,0.684,0.308,0.58,0.858,0.0,0.846,6.0,4.0,2.0,2,11,0.644,low
cand_0170,arch_003,Cloud Security Engineer,0.231,0.773,0.348,0.594,0.89,0.0,0.769,5.6,4.0,1.6,3,10,0.596,low
cand_0171,arch_003,Cloud Security Engineer,0.154,0.739,0.321,0.585,0.766,0.0,0.846,7.4,4.0,3.4,2,11,0.644,low
cand_0172,arch_003,QA Automation Engineer,0.333,0.774,0.665,0.615,0.848,0.0,0.667,6.0,2.5,3.5,4,8,0.471,low
cand_0173,arch_003,QA Automation Engineer,0.333,0.645,0.634,0.491,0.874,0.0,0.667,6.1,2.5,3.6,4,8,0.471,low
cand_0174,arch_003,QA Automation Engineer,0.333,0.672,0.684,0.61,0.82,0.0,0.667,6.0,2.5,3.5,4,8,0.471,low
cand_0175,arch_003,Mobile Developer (React Native / Flutter),0.364,0.72,0.273,0.496,0.875,0.0,0.636,6.0,2.5,3.5,4,7,0.365,moderate
cand_0176,arch_003,Mobile Developer (React Native / Flutter),0.455,0.759,0.281,0.488,0.963,0.333,0.545,7.4,2.5,4.9,5,6,0.317,moderate
cand_0177,arch_003,Mobile Developer (React Native / Flutter),0.364,0.778,0.327,0.627,0.88,0.0,0.636,5.4,2.5,2.9,4,7,0.365,moderate
cand_0178,arch_003,Solutions Architect,0.357,0.769,0.284,0.597,0.785,0.0,0.643,6.0,6.5,-0.5,5,9,0.519,low
cand_0179,arch_003,Solutions Architect,0.429,0.699,0.33,0.512,0.905,0.333,0.571,6.6,6.5,0.1,6,8,0.471,low
cand_0180,arch_003,Solutions Architect,0.357,0.748,0.297,0.569,0.878,0.0,0.643,6.9,6.5,0.4,5,9,0.519,low
cand_0181,arch_004,Java Backend Developer,0.231,0.692,0.313,0.844,0.43,0.0,0.769,1.0,3.0,-2.0,3,10,0.567,low
cand_0182,arch_004,Java Backend Developer,0.308,0.744,0.254,0.747,0.454,0.333,0.692,1.4,3.0,-1.6,4,9,0.519,low
cand_0183,arch_004,Java Backend Developer,0.231,0.782,0.256,0.813,0.35,0.0,0.769,3.0,3.0,0.0,3,10,0.567,low
cand_0184,arch_004,Python Developer,0.417,0.759,0.354,0.807,0.441,0.0,0.583,1.0,2.5,-1.5,5,7,0.365,moderate
cand_0185,arch_004,Python Developer,0.5,0.745,0.34,0.839,0.544,0.333,0.5,0.8,2.5,-1.7,6,6,0.317,moderate
cand_0186,arch_004,Python Developer,0.417,0.675,0.293,0.778,0.403,0.0,0.583,0.8,2.5,-1.7,5,7,0.365,low
cand_0187,arch_004,Full Stack Developer,0.214,0.797,0.284,0.614,0.431,0.0,0.786,1.0,3.0,-2.0,3,11,0.644,low
cand_0188,arch_004,Full Stack Developer,0.286,0.67,0.255,0.606,0.495,0.333,0.714,0.6,3.0,-2.4,4,10,0.596,low
cand_0189,arch_004,Full Stack Developer,0.214,0.736,0.243,0.596,0.391,0.0,0.786,2.0,3.0,-1.0,3,11,0.644,low
cand_0190,arch_004,Frontend Developer,0.182,0.66,0.658,0.481,0.443,0.0,0.818,1.0,2.0,-1.0,2,9,0.548,low
cand_0191,arch_004,Frontend Developer,0.182,0.77,0.618,0.594,0.446,0.0,0.818,0.9,2.0,-1.1,2,9,0.548,low
cand_0192,arch_004,Frontend Developer,0.182,0.798,0.655,0.598,0.294,0.0,0.818,1.8,2.0,-0.2,2,9,0.548,low
cand_0193,arch_004,Backend Developer,0.231,0.779,0.256,0.797,0.446,0.0,0.769,1.0,3.0,-2.0,3,10,0.567,low
cand_0194,arch_004,Backend Developer,0.308,0.668,0.246,0.859,0.503,0.0,0.692,1.7,3.0,-1.3,4,9,0.519,low
cand_0195,arch_004,Backend Developer,0.231,0.764,0.302,0.757,0.417,0.0,0.769,2.2,3.0,-0.8,3,10,0.567,low
cand_0196,arch_004,Data Analyst,0.222,0.791,0.595,0.595,0.453,0.0,0.778,1.0,2.0,-1.0,2,7,0.452,low
cand_0197,arch_004,Data Analyst,0.333,0.743,0.594,0.63,0.535,0.5,0.667,1.5,2.0,-0.5,3,6,0.404,low
cand_0198,arch_004,Data Analyst,0.111,0.652,0.6,0.567,0.29,0.0,0.889,1.3,2.0,-0.7,1,8,0.529,low
cand_0199,arch_004,Data Scientist,0.25,0.814,0.316,0.558,0.399,0.0,0.75,1.0,4.0,-3.0,3,9,0.519,low
cand_0200,arch_004,Data Scientist,0.333,0.817,0.301,0.539,0.529,0.333,0.667,2.5,4.0,-1.5,4,8,0.471,low
cand_0201,arch_004,Data Scientist,0.25,0.91,0.306,0.608,0.41,0.0,0.75,0.3,4.0,-3.7,3,9,0.519,low
cand_0202,arch_004,Machine Learning Engineer,0.267,0.912,0.29,0.602,0.407,0.0,0.733,1.0,4.0,-3.0,4,11,0.615,low
cand_0203,arch_004,Machine Learning Engineer,0.333,0.838,0.32,0.53,0.465,0.0,0.667,2.0,4.0,-2.0,5,10,0.567,low
cand_0204,arch_004,Machine Learning Engineer,0.2,0.785,0.252,0.588,0.365,0.0,0.8,2.8,4.0,-1.2,3,12,0.663,low
cand_0205,arch_004,AI Engineer,0.385,0.859,0.31,0.56,0.4,0.0,0.615,1.0,3.5,-2.5,5,8,0.442,low
cand_0206,arch_004,AI Engineer,0.462,0.91,0.353,0.538,0.542,0.0,0.538,0.7,3.5,-2.8,6,7,0.394,low
cand_0207,arch_004,AI Engineer,0.308,0.826,0.309,0.504,0.349,0.0,0.692,0.2,3.5,-3.3,4,9,0.519,low
cand_0208,arch_004,MLOps Engineer,0.267,0.806,0.253,0.605,0.403,0.0,0.733,1.0,4.5,-3.5,4,11,0.644,low
cand_0209,arch_004,MLOps Engineer,0.267,0.899,0.341,0.626,0.449,0.0,0.733,2.0,4.5,-2.5,4,11,0.644,low
cand_0210,arch_004,MLOps Engineer,0.267,0.774,0.351,0.603,0.393,0.0,0.733,1.8,4.5,-2.7,4,11,0.644,low
cand_0211,arch_004,Data Engineer,0.286,0.669,0.324,0.519,0.401,0.0,0.714,1.0,3.5,-2.5,4,10,0.567,low
cand_0212,arch_004,Data Engineer,0.357,0.731,0.288,0.493,0.513,0.0,0.643,0.5,3.5,-3.0,5,9,0.519,low
cand_0213,arch_004,Data Engineer,0.286,0.674,0.29,0.525,0.404,0.0,0.714,0.1,3.5,-3.4,4,10,0.567,low
cand_0214,arch_004,DevOps Engineer,0.143,0.885,0.333,0.561,0.375,0.0,0.857,1.0,3.5,-2.5,2,12,0.721,low
cand_0215,arch_004,DevOps Engineer,0.143,0.891,0.246,0.483,0.411,0.0,0.857,0.6,3.5,-2.9,2,12,0.721,low
cand_0216,arch_004,DevOps Engineer,0.143,0.836,0.266,0.552,0.401,0.0,0.857,1.3,3.5,-2.2,2,12,0.721,low
cand_0217,arch_004,Cloud Engineer,0.286,0.788,0.321,0.565,0.419,0.0,0.714,1.0,3.0,-2.0,4,10,0.596,low
cand_0218,arch_004,Cloud Engineer,0.357,0.833,0.312,0.471,0.48,0.0,0.643,1.1,3.0,-1.9,5,9,0.548,low
cand_0219,arch_004,Cloud Engineer,0.214,0.816,0.254,0.55,0.326,0.0,0.786,0.6,3.0,-2.4,3,11,0.644,low
cand_0220,arch_004,Platform Engineer,0.143,0.791,0.304,0.507,0.423,0.0,0.857,1.0,4.5,-3.5,2,12,0.75,low
cand_0221,arch_004,Platform Engineer,0.214,0.782,0.343,0.477,0.452,0.333,0.786,1.8,4.5,-2.7,3,11,0.702,low
cand_0222,arch_004,Platform Engineer,0.143,0.862,0.309,0.584,0.408,0.0,0.857,2.8,4.5,-1.7,2,12,0.75,low
cand_0223,arch_004,Site Reliability Engineer (SRE),0.143,0.788,0.243,0.522,0.447,0.0,0.857,1.0,4.0,-3.0,2,12,0.721,low
cand_0224,arch_004,Site Reliability Engineer (SRE),0.214,0.784,0.341,0.509,0.509,0.0,0.786,1.7,4.0,-2.3,3,11,0.673,low
cand_0225,arch_004,Site Reliability Engineer (SRE),0.143,0.82,0.281,0.523,0.383,0.0,0.857,1.6,4.0,-2.4,2,12,0.721,low
cand_0226,arch_004,Cybersecurity Analyst,0.273,0.722,0.254,0.552,0.457,0.0,0.727,1.0,2.5,-1.5,3,8,0.471,low
cand_0227,arch_004,Cybersecurity Analyst,0.364,0.793,0.317,0.494,0.46,0.333,0.636,1.2,2.5,-1.3,4,7,0.423,low
cand_0228,arch_004,Cybersecurity Analyst,0.273,0.762,0.319,0.498,0.361,0.0,0.727,0.8,2.5,-1.7,3,8,0.471,low
cand_0229,arch_004,Cloud Security Engineer,0.154,0.719,0.331,0.592,0.412,0.0,0.846,1.0,4.0,-3.0,2,11,0.673,low
cand_0230,arch_004,Cloud Security Engineer,0.231,0.778,0.315,0.494,0.457,0.0,0.769,2.3,4.0,-1.7,3,10,0.625,low
cand_0231,arch_004,Cloud Security Engineer,0.154,0.684,0.247,0.551,0.398,0.0,0.846,1.3,4.0,-2.7,2,11,0.673,low
cand_0232,arch_004,QA Automation Engineer,0.333,0.712,0.597,0.603,0.374,0.0,0.667,1.0,2.5,-1.5,4,8,0.442,low
cand_0233,arch_004,QA Automation Engineer,0.417,0.654,0.661,0.532,0.508,0.0,0.583,2.2,2.5,-0.3,5,7,0.394,low
cand_0234,arch_004,QA Automation Engineer,0.333,0.647,0.699,0.561,0.385,0.0,0.667,2.9,2.5,0.4,4,8,0.442,low
cand_0235,arch_004,Mobile Developer (React Native / Flutter),0.182,0.737,0.3,0.623,0.412,0.0,0.818,1.0,2.5,-1.5,2,9,0.519,low
cand_0236,arch_004,Mobile Developer (React Native / Flutter),0.273,0.797,0.25,0.573,0.454,0.333,0.727,2.1,2.5,-0.4,3,8,0.471,low
cand_0237,arch_004,Mobile Developer (React Native / Flutter),0.182,0.724,0.313,0.528,0.458,0.0,0.818,2.1,2.5,-0.4,2,9,0.519,low
cand_0238,arch_004,Solutions Architect,0.214,0.702,0.333,0.579,0.372,0.0,0.786,1.0,6.5,-5.5,3,11,0.644,low
cand_0239,arch_004,Solutions Architect,0.286,0.651,0.251,0.579,0.478,0.0,0.714,1.8,6.5,-4.7,4,10,0.596,low
cand_0240,arch_004,Solutions Architect,0.214,0.785,0.345,0.523,0.425,0.0,0.786,2.2,6.5,-4.3,3,11,0.644,low
cand_0241,arch_005,Java Backend Developer,0.462,0.663,0.282,0.895,0.77,0.0,0.538,3.8,3.0,0.8,6,7,0.423,moderate
cand_0242,arch_005,Java Backend Developer,0.538,0.69,0.285,0.867,0.865,0.333,0.462,4.1,3.0,1.1,7,6,0.375,moderate
cand_0243,arch_005,Java Backend Developer,0.462,0.758,0.322,0.824,0.765,0.0,0.538,4.8,3.0,1.8,6,7,0.423,moderate
cand_0244,arch_005,Python Developer,0.75,0.708,0.283,0.798,0.718,0.0,0.25,3.8,2.5,1.3,9,3,0.144,moderate
cand_0245,arch_005,Python Developer,0.75,0.718,0.267,0.762,0.708,0.0,0.25,3.7,2.5,1.2,9,3,0.144,moderate
cand_0246,arch_005,Python Developer,0.667,0.774,0.346,0.746,0.65,0.0,0.333,5.3,2.5,2.8,8,4,0.192,moderate
cand_0247,arch_005,Full Stack Developer,0.357,0.763,0.256,0.53,0.716,0.0,0.643,3.8,3.0,0.8,5,9,0.548,low
cand_0248,arch_005,Full Stack Developer,0.429,0.755,0.245,0.528,0.855,0.0,0.571,5.0,3.0,2.0,6,8,0.5,moderate
cand_0249,arch_005,Full Stack Developer,0.357,0.76,0.334,0.507,0.724,0.0,0.643,5.7,3.0,2.7,5,9,0.548,moderate
cand_0250,arch_005,Frontend Developer,0.182,0.794,0.684,0.615,0.719,0.0,0.818,3.8,2.0,1.8,2,9,0.548,low
cand_0251,arch_005,Frontend Developer,0.273,0.798,0.645,0.515,0.822,0.0,0.727,4.7,2.0,2.7,3,8,0.5,low
cand_0252,arch_005,Frontend Developer,0.182,0.771,0.686,0.492,0.725,0.0,0.818,4.4,2.0,2.4,2,9,0.548,low
cand_0253,arch_005,Backend Developer,0.385,0.743,0.345,0.829,0.71,0.0,0.615,3.8,3.0,0.8,5,8,0.471,moderate
cand_0254,arch_005,Backend Developer,0.462,0.66,0.25,0.766,0.828,0.333,0.538,5.0,3.0,2.0,6,7,0.423,moderate
cand_0255,arch_005,Backend Developer,0.385,0.655,0.349,0.871,0.788,0.0,0.615,4.3,3.0,1.3,5,8,0.471,moderate
cand_0256,arch_005,Data Analyst,0.222,0.789,0.64,0.533,0.737,0.0,0.778,3.8,2.0,1.8,2,7,0.452,low
cand_0257,arch_005,Data Analyst,0.333,0.7,0.593,0.619,0.867,0.5,0.667,4.1,2.0,2.1,3,6,0.404,low
cand_0258,arch_005,Data Analyst,0.222,0.662,0.624,0.603,0.77,0.0,0.778,4.7,2.0,2.7,2,7,0.452,low
cand_0259,arch_005,Data Scientist,0.333,0.792,0.325,0.542,0.701,0.0,0.667,3.8,4.0,-0.2,4,8,0.471,low
cand_0260,arch_005,Data Scientist,0.333,0.805,0.258,0.62,0.761,0.0,0.667,3.5,4.0,-0.5,4,8,0.471,low
cand_0261,arch_005,Data Scientist,0.333,0.808,0.255,0.508,0.764,0.0,0.667,4.1,4.0,0.1,4,8,0.471,low
cand_0262,arch_005,Machine Learning Engineer,0.4,0.87,0.248,0.604,0.75,0.0,0.6,3.8,4.0,-0.2,6,9,0.49,low
cand_0263,arch_005,Machine Learning Engineer,0.467,0.862,0.326,0.517,0.783,0.0,0.533,4.4,4.0,0.4,7,8,0.442,moderate
cand_0264,arch_005,Machine Learning Engineer,0.4,0.8,0.32,0.554,0.736,0.0,0.6,3.9,4.0,-0.1,6,9,0.49,low
cand_0265,arch_005,AI Engineer,0.462,0.923,0.305,0.596,0.751,0.0,0.538,3.8,3.5,0.3,6,7,0.394,moderate
cand_0266,arch_005,AI Engineer,0.538,0.777,0.286,0.53,0.858,0.25,0.462,3.3,3.5,-0.2,7,6,0.346,moderate
cand_0267,arch_005,AI Engineer,0.385,0.887,0.315,0.593,0.69,0.0,0.615,3.9,3.5,0.4,5,8,0.471,low
cand_0268,arch_005,MLOps Engineer,0.4,0.823,0.245,0.557,0.781,0.0,0.6,3.8,4.5,-0.7,6,9,0.49,low
cand_0269,arch_005,MLOps Engineer,0.4,0.927,0.297,0.499,0.713,0.0,0.6,3.7,4.5,-0.8,6,9,0.49,low
cand_0270,arch_005,MLOps Engineer,0.4,0.776,0.264,0.597,0.789,0.0,0.6,4.9,4.5,0.4,6,9,0.49,low
cand_0271,arch_005,Data Engineer,0.5,0.69,0.277,0.534,0.782,0.0,0.5,3.8,3.5,0.3,7,7,0.365,moderate
cand_0272,arch_005,Data Engineer,0.571,0.761,0.263,0.527,0.861,0.0,0.429,4.2,3.5,0.7,8,6,0.317,moderate
cand_0273,arch_005,Data Engineer,0.5,0.66,0.284,0.612,0.774,0.0,0.5,5.4,3.5,1.9,7,7,0.365,moderate
cand_0274,arch_005,DevOps Engineer,0.357,0.913,0.286,0.626,0.75,0.0,0.643,3.8,3.5,0.3,5,9,0.519,low
cand_0275,arch_005,DevOps Engineer,0.357,0.898,0.327,0.483,0.76,0.0,0.643,4.3,3.5,0.8,5,9,0.519,low
cand_0276,arch_005,DevOps Engineer,0.357,0.821,0.25,0.576,0.731,0.0,0.643,5.3,3.5,1.8,5,9,0.519,moderate
cand_0277,arch_005,Cloud Engineer,0.429,0.866,0.291,0.58,0.735,0.0,0.571,3.8,3.0,0.8,6,8,0.442,moderate
cand_0278,arch_005,Cloud Engineer,0.5,0.868,0.292,0.572,0.862,0.0,0.5,3.4,3.0,0.4,7,7,0.394,moderate
cand_0279,arch_005,Cloud Engineer,0.429,0.835,0.302,0.59,0.716,0.0,0.571,3.0,3.0,0.0,6,8,0.442,moderate
cand_0280,arch_005,Platform Engineer,0.286,0.775,0.342,0.578,0.744,0.0,0.714,3.8,4.5,-0.7,4,10,0.596,low
cand_0281,arch_005,Platform Engineer,0.357,0.895,0.284,0.531,0.84,0.0,0.643,3.6,4.5,-0.9,5,9,0.548,low
cand_0282,arch_005,Platform Engineer,0.286,0.922,0.285,0.592,0.757,0.0,0.714,4.6,4.5,0.1,4,10,0.596,low
cand_0283,arch_005,Site Reliability Engineer (SRE),0.286,0.855,0.288,0.574,0.725,0.0,0.714,3.8,4.0,-0.2,4,10,0.567,low
cand_0284,arch_005,Site Reliability Engineer (SRE),0.286,0.85,0.286,0.56,0.726,0.0,0.714,3.5,4.0,-0.5,4,10,0.567,low
cand_0285,arch_005,Site Reliability Engineer (SRE),0.286,0.929,0.274,0.617,0.749,0.0,0.714,3.6,4.0,-0.4,4,10,0.567,low
cand_0286,arch_005,Cybersecurity Analyst,0.364,0.66,0.342,0.542,0.79,0.0,0.636,3.8,2.5,1.3,4,7,0.394,low
cand_0287,arch_005,Cybersecurity Analyst,0.364,0.77,0.356,0.628,0.767,0.0,0.636,4.2,2.5,1.7,4,7,0.394,moderate
cand_0288,arch_005,Cybersecurity Analyst,0.364,0.686,0.276,0.495,0.771,0.0,0.636,4.9,2.5,2.4,4,7,0.394,moderate
cand_0289,arch_005,Cloud Security Engineer,0.308,0.752,0.261,0.528,0.722,0.0,0.692,3.8,4.0,-0.2,4,9,0.519,low
cand_0290,arch_005,Cloud Security Engineer,0.385,0.678,0.299,0.528,0.841,0.333,0.615,5.3,4.0,1.3,5,8,0.471,low
cand_0291,arch_005,Cloud Security Engineer,0.308,0.661,0.346,0.481,0.74,0.0,0.692,4.2,4.0,0.2,4,9,0.519,low
cand_0292,arch_005,QA Automation Engineer,0.5,0.755,0.647,0.536,0.741,0.0,0.5,3.8,2.5,1.3,6,6,0.346,moderate
cand_0293,arch_005,QA Automation Engineer,0.583,0.796,0.667,0.542,0.851,0.333,0.417,4.4,2.5,1.9,7,5,0.298,moderate
cand_0294,arch_005,QA Automation Engineer,0.5,0.765,0.667,0.499,0.797,0.0,0.5,3.8,2.5,1.3,6,6,0.346,moderate
cand_0295,arch_005,Mobile Developer (React Native / Flutter),0.182,0.709,0.349,0.479,0.712,0.0,0.818,3.8,2.5,1.3,2,9,0.519,low
cand_0296,arch_005,Mobile Developer (React Native / Flutter),0.273,0.666,0.352,0.506,0.878,0.0,0.727,3.6,2.5,1.1,3,8,0.471,low
cand_0297,arch_005,Mobile Developer (React Native / Flutter),0.182,0.68,0.316,0.558,0.629,0.0,0.818,4.4,2.5,1.9,2,9,0.519,low
cand_0298,arch_005,Solutions Architect,0.429,0.688,0.304,0.55,0.717,0.0,0.571,3.8,6.5,-2.7,6,8,0.5,low
cand_0299,arch_005,Solutions Architect,0.5,0.667,0.315,0.614,0.817,0.333,0.5,5.2,6.5,-1.3,7,7,0.452,low
cand_0300,arch_005,Solutions Architect,0.429,0.653,0.354,0.593,0.643,0.0,0.571,5.6,6.5,-0.9,6,8,0.5,low
cand_0301,arch_006,Java Backend Developer,0.385,0.674,0.309,0.839,0.37,0.0,0.615,1.5,3.0,-1.5,5,8,0.413,low
cand_0302,arch_006,Java Backend Developer,0.462,0.743,0.276,0.779,0.531,0.333,0.538,2.8,3.0,-0.2,6,7,0.365,moderate
cand_0303,arch_006,Java Backend Developer,0.385,0.75,0.259,0.806,0.413,0.0,0.615,1.7,3.0,-1.3,5,8,0.413,low
cand_0304,arch_006,Python Developer,0.25,0.694,0.257,0.878,0.399,0.0,0.75,1.5,2.5,-1.0,3,9,0.519,low
cand_0305,arch_006,Python Developer,0.333,0.796,0.256,0.799,0.506,0.333,0.667,3.0,2.5,0.5,4,8,0.471,low
cand_0306,arch_006,Python Developer,0.25,0.683,0.27,0.755,0.396,0.0,0.75,1.5,2.5,-1.0,3,9,0.519,low
cand_0307,arch_006,Full Stack Developer,0.214,0.701,0.314,0.51,0.453,0.0,0.786,1.5,3.0,-1.5,3,11,0.644,low
cand_0308,arch_006,Full Stack Developer,0.286,0.789,0.327,0.5,0.466,0.333,0.714,1.3,3.0,-1.7,4,10,0.596,low
cand_0309,arch_006,Full Stack Developer,0.214,0.781,0.3,0.484,0.406,0.0,0.786,3.5,3.0,0.5,3,11,0.644,low
cand_0310,arch_006,Frontend Developer,0.182,0.713,0.619,0.563,0.372,0.0,0.818,1.5,2.0,-0.5,2,9,0.548,low
cand_0311,arch_006,Frontend Developer,0.273,0.781,0.669,0.545,0.504,0.0,0.727,1.6,2.0,-0.4,3,8,0.5,low
cand_0312,arch_006,Frontend Developer,0.182,0.781,0.677,0.592,0.403,0.0,0.818,3.0,2.0,1.0,2,9,0.548,low
cand_0313,arch_006,Backend Developer,0.154,0.704,0.308,0.771,0.422,0.0,0.846,1.5,3.0,-1.5,2,11,0.644,low
cand_0314,arch_006,Backend Developer,0.231,0.712,0.306,0.872,0.512,0.0,0.769,1.1,3.0,-1.9,3,10,0.596,low
cand_0315,arch_006,Backend Developer,0.154,0.703,0.335,0.794,0.377,0.0,0.846,2.3,3.0,-0.7,2,11,0.644,low
cand_0316,arch_006,Data Analyst,0.111,0.761,0.614,0.551,0.417,0.0,0.889,1.5,2.0,-0.5,1,8,0.5,low
cand_0317,arch_006,Data Analyst,0.222,0.754,0.686,0.553,0.465,0.0,0.778,1.1,2.0,-0.9,2,7,0.452,low
cand_0318,arch_006,Data Analyst,0.111,0.691,0.637,0.569,0.368,0.0,0.889,3.2,2.0,1.2,1,8,0.5,low
cand_0319,arch_006,Data Scientist,0.167,0.865,0.301,0.552,0.416,0.0,0.833,1.5,4.0,-2.5,2,10,0.596,low
cand_0320,arch_006,Data Scientist,0.25,0.901,0.284,0.578,0.548,0.333,0.75,2.1,4.0,-1.9,3,9,0.548,low
cand_0321,arch_006,Data Scientist,0.167,0.886,0.323,0.474,0.414,0.0,0.833,2.3,4.0,-1.7,2,10,0.596,low
cand_0322,arch_006,Machine Learning Engineer,0.2,0.925,0.334,0.594,0.424,0.0,0.8,1.5,4.0,-2.5,3,12,0.692,low
cand_0323,arch_006,Machine Learning Engineer,0.267,0.797,0.315,0.569,0.534,0.0,0.733,2.4,4.0,-1.6,4,11,0.644,low
cand_0324,arch_006,Machine Learning Engineer,0.2,0.775,0.354,0.488,0.369,0.0,0.8,0.9,4.0,-3.1,3,12,0.692,low
cand_0325,arch_006,AI Engineer,0.231,0.82,0.258,0.58,0.408,0.0,0.769,1.5,3.5,-2.0,3,10,0.567,low
cand_0326,arch_006,AI Engineer,0.308,0.91,0.328,0.48,0.464,0.25,0.692,2.5,3.5,-1.0,4,9,0.519,low
cand_0327,arch_006,AI Engineer,0.231,0.876,0.303,0.52,0.384,0.0,0.769,1.1,3.5,-2.4,3,10,0.567,low
cand_0328,arch_006,MLOps Engineer,0.2,0.916,0.281,0.527,0.444,0.0,0.8,1.5,4.5,-3.0,3,12,0.721,low
cand_0329,arch_006,MLOps Engineer,0.267,0.868,0.263,0.509,0.506,0.0,0.733,2.4,4.5,-2.1,4,11,0.673,low
cand_0330,arch_006,MLOps Engineer,0.2,0.818,0.275,0.503,0.437,0.0,0.8,1.2,4.5,-3.3,3,12,0.721,low
cand_0331,arch_006,Data Engineer,0.214,0.691,0.282,0.619,0.446,0.0,0.786,1.5,3.5,-2.0,3,11,0.644,low
cand_0332,arch_006,Data Engineer,0.214,0.732,0.305,0.613,0.406,0.0,0.786,1.5,3.5,-2.0,3,11,0.644,low
cand_0333,arch_006,Data Engineer,0.214,0.663,0.245,0.623,0.375,0.0,0.786,1.5,3.5,-2.0,3,11,0.644,low
cand_0334,arch_006,DevOps Engineer,0.071,0.918,0.319,0.59,0.388,0.0,0.929,1.5,3.5,-2.0,1,13,0.769,low
cand_0335,arch_006,DevOps Engineer,0.143,0.919,0.324,0.492,0.512,0.0,0.857,2.7,3.5,-0.8,2,12,0.721,low
cand_0336,arch_006,DevOps Engineer,0.071,0.806,0.268,0.486,0.316,0.0,0.929,2.3,3.5,-1.2,1,13,0.769,low
cand_0337,arch_006,Cloud Engineer,0.214,0.846,0.322,0.492,0.463,0.0,0.786,1.5,3.0,-1.5,3,11,0.644,low
cand_0338,arch_006,Cloud Engineer,0.286,0.835,0.352,0.611,0.498,0.0,0.714,3.0,3.0,0.0,4,10,0.596,low
cand_0339,arch_006,Cloud Engineer,0.214,0.821,0.318,0.615,0.376,0.0,0.786,1.1,3.0,-1.9,3,11,0.644,low
cand_0340,arch_006,Platform Engineer,0.071,0.862,0.304,0.586,0.46,0.0,0.929,1.5,4.5,-3.0,1,13,0.798,low
cand_0341,arch_006,Platform Engineer,0.143,0.837,0.341,0.619,0.454,0.333,0.857,2.8,4.5,-1.7,2,12,0.75,low
cand_0342,arch_006,Platform Engineer,0.071,0.8,0.33,0.61,0.396,0.0,0.929,3.0,4.5,-1.5,1,13,0.798,low
cand_0343,arch_006,Site Reliability Engineer (SRE),0.071,0.776,0.276,0.566,0.46,0.0,0.929,1.5,4.0,-2.5,1,13,0.798,low
cand_0344,arch_006,Site Reliability Engineer (SRE),0.143,0.928,0.305,0.549,0.544,0.0,0.857,1.7,4.0,-2.3,2,12,0.75,low
cand_0345,arch_006,Site Reliability Engineer (SRE),0.071,0.801,0.254,0.496,0.413,0.0,0.929,3.1,4.0,-0.9,1,13,0.798,low
cand_0346,arch_006,Cybersecurity Analyst,0.182,0.681,0.262,0.588,0.446,0.0,0.818,1.5,2.5,-1.0,2,9,0.519,low
cand_0347,arch_006,Cybersecurity Analyst,0.273,0.671,0.313,0.572,0.491,0.0,0.727,2.1,2.5,-0.4,3,8,0.471,low
cand_0348,arch_006,Cybersecurity Analyst,0.182,0.704,0.251,0.627,0.414,0.0,0.818,1.8,2.5,-0.7,2,9,0.519,low
cand_0349,arch_006,Cloud Security Engineer,0.077,0.79,0.241,0.531,0.411,0.0,0.923,1.5,4.0,-2.5,1,12,0.721,low
cand_0350,arch_006,Cloud Security Engineer,0.154,0.688,0.327,0.472,0.515,0.0,0.846,1.5,4.0,-2.5,2,11,0.673,low
cand_0351,arch_006,Cloud Security Engineer,0.0,0.714,0.259,0.58,0.376,0.0,1.0,2.6,4.0,-1.4,0,13,0.769,low
cand_0352,arch_006,QA Automation Engineer,0.25,0.782,0.682,0.58,0.431,0.0,0.75,1.5,2.5,-1.0,3,9,0.519,low
cand_0353,arch_006,QA Automation Engineer,0.333,0.738,0.616,0.491,0.465,0.333,0.667,2.9,2.5,0.4,4,8,0.471,low
cand_0354,arch_006,QA Automation Engineer,0.25,0.707,0.656,0.545,0.42,0.0,0.75,2.7,2.5,0.2,3,9,0.519,low
cand_0355,arch_006,Mobile Developer (React Native / Flutter),0.182,0.746,0.266,0.51,0.442,0.0,0.818,1.5,2.5,-1.0,2,9,0.519,low
cand_0356,arch_006,Mobile Developer (React Native / Flutter),0.273,0.724,0.303,0.528,0.542,0.333,0.727,2.7,2.5,0.2,3,8,0.471,low
cand_0357,arch_006,Mobile Developer (React Native / Flutter),0.182,0.784,0.264,0.556,0.383,0.0,0.818,0.8,2.5,-1.7,2,9,0.519,low
cand_0358,arch_006,Solutions Architect,0.143,0.777,0.293,0.579,0.438,0.0,0.857,1.5,6.5,-5.0,2,12,0.692,low
cand_0359,arch_006,Solutions Architect,0.214,0.769,0.294,0.552,0.496,0.333,0.786,2.0,6.5,-4.5,3,11,0.644,low
cand_0360,arch_006,Solutions Architect,0.143,0.769,0.327,0.533,0.448,0.0,0.857,0.7,6.5,-5.8,2,12,0.692,low
cand_0361,arch_007,Java Backend Developer,0.692,0.759,0.309,0.747,0.818,0.667,0.308,7.0,3.0,4.0,9,4,0.192,moderate
cand_0362,arch_007,Java Backend Developer,0.769,0.79,0.248,0.889,0.87,0.667,0.231,6.6,3.0,3.6,10,3,0.144,high
cand_0363,arch_007,Java Backend Developer,0.692,0.763,0.357,0.843,0.825,0.667,0.308,7.2,3.0,4.2,9,4,0.192,high
cand_0364,arch_007,Python Developer,0.333,0.799,0.286,0.879,0.874,0.0,0.667,7.0,2.5,4.5,4,8,0.471,low
cand_0365,arch_007,Python Developer,0.417,0.794,0.345,0.761,0.953,0.333,0.583,7.3,2.5,4.8,5,7,0.423,moderate
cand_0366,arch_007,Python Developer,0.333,0.703,0.255,0.897,0.867,0.0,0.667,6.4,2.5,3.9,4,8,0.471,low
cand_0367,arch_007,Full Stack Developer,0.286,0.761,0.357,0.544,0.855,0.0,0.714,7.0,3.0,4.0,4,10,0.596,low
cand_0368,arch_007,Full Stack Developer,0.357,0.772,0.27,0.525,0.894,0.0,0.643,7.3,3.0,4.3,5,9,0.548,moderate
cand_0369,arch_007,Full Stack Developer,0.286,0.658,0.337,0.537,0.86,0.0,0.714,8.8,3.0,5.8,4,10,0.596,low
cand_0370,arch_007,Frontend Developer,0.091,0.781,0.592,0.503,0.793,0.0,0.909,7.0,2.0,5.0,1,10,0.596,low
cand_0371,arch_007,Frontend Developer,0.182,0.748,0.695,0.509,0.871,0.0,0.818,6.6,2.0,4.6,2,9,0.548,low
cand_0372,arch_007,Frontend Developer,0.091,0.761,0.683,0.492,0.883,0.0,0.909,7.3,2.0,5.3,1,10,0.596,low
cand_0373,arch_007,Backend Developer,0.615,0.677,0.35,0.832,0.841,0.667,0.385,7.0,3.0,4.0,8,5,0.327,moderate
cand_0374,arch_007,Backend Developer,0.615,0.691,0.276,0.763,0.849,0.667,0.385,8.0,3.0,5.0,8,5,0.327,moderate
cand_0375,arch_007,Backend Developer,0.615,0.65,0.354,0.881,0.874,0.667,0.385,6.7,3.0,3.7,8,5,0.327,moderate
cand_0376,arch_007,Data Analyst,0.111,0.74,0.641,0.549,0.881,0.0,0.889,7.0,2.0,5.0,1,8,0.5,low
cand_0377,arch_007,Data Analyst,0.222,0.766,0.628,0.537,0.882,0.5,0.778,8.4,2.0,6.4,2,7,0.452,low
cand_0378,arch_007,Data Analyst,0.111,0.716,0.692,0.518,0.854,0.0,0.889,7.1,2.0,5.1,1,8,0.5,low
cand_0379,arch_007,Data Scientist,0.167,0.899,0.35,0.56,0.88,0.0,0.833,7.0,4.0,3.0,2,10,0.596,low
cand_0380,arch_007,Data Scientist,0.25,0.832,0.271,0.523,0.875,0.0,0.75,7.6,4.0,3.6,3,9,0.548,low
cand_0381,arch_007,Data Scientist,0.167,0.856,0.34,0.478,0.821,0.0,0.833,7.3,4.0,3.3,2,10,0.596,low
cand_0382,arch_007,Machine Learning Engineer,0.267,0.867,0.245,0.482,0.864,0.0,0.733,7.0,4.0,3.0,4,11,0.615,low
cand_0383,arch_007,Machine Learning Engineer,0.333,0.805,0.265,0.615,0.897,0.0,0.667,7.7,4.0,3.7,5,10,0.567,low
cand_0384,arch_007,Machine Learning Engineer,0.2,0.924,0.254,0.63,0.748,0.0,0.8,8.7,4.0,4.7,3,12,0.663,low
cand_0385,arch_007,AI Engineer,0.231,0.809,0.313,0.503,0.875,0.0,0.769,7.0,3.5,3.5,3,10,0.567,low
cand_0386,arch_007,AI Engineer,0.308,0.831,0.304,0.527,0.893,0.25,0.692,7.6,3.5,4.1,4,9,0.519,low
cand_0387,arch_007,AI Engineer,0.231,0.786,0.358,0.545,0.867,0.0,0.769,7.5,3.5,4.0,3,10,0.567,low
cand_0388,arch_007,MLOps Engineer,0.333,0.916,0.284,0.536,0.84,0.0,0.667,7.0,4.5,2.5,5,10,0.596,low
cand_0389,arch_007,MLOps Engineer,0.4,0.773,0.306,0.563,0.939,0.25,0.6,6.9,4.5,2.4,6,9,0.548,moderate
cand_0390,arch_007,MLOps Engineer,0.267,0.831,0.34,0.55,0.765,0.0,0.733,6.9,4.5,2.4,4,11,0.673,low
cand_0391,arch_007,Data Engineer,0.286,0.75,0.271,0.601,0.88,0.0,0.714,7.0,3.5,3.5,4,10,0.567,low
cand_0392,arch_007,Data Engineer,0.357,0.714,0.328,0.526,0.881,0.0,0.643,7.8,3.5,4.3,5,9,0.519,moderate
cand_0393,arch_007,Data Engineer,0.214,0.798,0.355,0.554,0.784,0.0,0.786,7.6,3.5,4.1,3,11,0.644,low
cand_0394,arch_007,DevOps Engineer,0.286,0.782,0.338,0.478,0.784,0.0,0.714,7.0,3.5,3.5,4,10,0.596,low
cand_0395,arch_007,DevOps Engineer,0.357,0.781,0.258,0.505,0.912,0.333,0.643,6.8,3.5,3.3,5,9,0.548,moderate
cand_0396,arch_007,DevOps Engineer,0.286,0.919,0.35,0.575,0.785,0.0,0.714,6.2,3.5,2.7,4,10,0.596,low
cand_0397,arch_007,Cloud Engineer,0.286,0.855,0.289,0.473,0.856,0.0,0.714,7.0,3.0,4.0,4,10,0.596,low
cand_0398,arch_007,Cloud Engineer,0.286,0.773,0.338,0.578,0.864,0.0,0.714,7.6,3.0,4.6,4,10,0.596,low
cand_0399,arch_007,Cloud Engineer,0.286,0.854,0.269,0.569,0.725,0.0,0.714,8.7,3.0,5.7,4,10,0.596,low
cand_0400,arch_007,Platform Engineer,0.286,0.827,0.335,0.483,0.879,0.0,0.714,7.0,4.5,2.5,4,10,0.567,low
cand_0401,arch_007,Platform Engineer,0.357,0.928,0.267,0.579,0.951,0.0,0.643,7.4,4.5,2.9,5,9,0.519,moderate
cand_0402,arch_007,Platform Engineer,0.286,0.892,0.251,0.531,0.839,0.0,0.714,8.0,4.5,3.5,4,10,0.567,low
cand_0403,arch_007,Site Reliability Engineer (SRE),0.214,0.779,0.241,0.497,0.833,0.0,0.786,7.0,4.0,3.0,3,11,0.615,low
cand_0404,arch_007,Site Reliability Engineer (SRE),0.286,0.861,0.343,0.485,0.919,0.0,0.714,7.4,4.0,3.4,4,10,0.567,low
cand_0405,arch_007,Site Reliability Engineer (SRE),0.214,0.846,0.246,0.482,0.793,0.0,0.786,6.1,4.0,2.1,3,11,0.615,low
cand_0406,arch_007,Cybersecurity Analyst,0.091,0.784,0.308,0.475,0.876,0.0,0.909,7.0,2.5,4.5,1,10,0.567,low
cand_0407,arch_007,Cybersecurity Analyst,0.182,0.734,0.33,0.584,0.906,0.333,0.818,7.1,2.5,4.6,2,9,0.519,low
cand_0408,arch_007,Cybersecurity Analyst,0.091,0.731,0.342,0.578,0.754,0.0,0.909,6.2,2.5,3.7,1,10,0.567,low
cand_0409,arch_007,Cloud Security Engineer,0.154,0.701,0.329,0.596,0.852,0.0,0.846,7.0,4.0,3.0,2,11,0.644,low
cand_0410,arch_007,Cloud Security Engineer,0.154,0.649,0.292,0.604,0.817,0.0,0.846,6.7,4.0,2.7,2,11,0.644,low
cand_0411,arch_007,Cloud Security Engineer,0.154,0.703,0.333,0.475,0.811,0.0,0.846,8.3,4.0,4.3,2,11,0.644,low
cand_0412,arch_007,QA Automation Engineer,0.25,0.799,0.649,0.527,0.877,0.0,0.75,7.0,2.5,4.5,3,9,0.548,low
cand_0413,arch_007,QA Automation Engineer,0.333,0.734,0.636,0.594,0.896,0.0,0.667,7.4,2.5,4.9,4,8,0.5,low
cand_0414,arch_007,QA Automation Engineer,0.167,0.665,0.675,0.571,0.774,0.0,0.833,6.7,2.5,4.2,2,10,0.625,low
cand_0415,arch_007,Mobile Developer (React Native / Flutter),0.091,0.691,0.253,0.471,0.814,0.0,0.909,7.0,2.5,4.5,1,10,0.596,low
cand_0416,arch_007,Mobile Developer (React Native / Flutter),0.182,0.656,0.25,0.539,0.922,0.333,0.818,7.2,2.5,4.7,2,9,0.548,low
cand_0417,arch_007,Mobile Developer (React Native / Flutter),0.091,0.697,0.251,0.566,0.732,0.0,0.909,7.5,2.5,5.0,1,10,0.596,low
cand_0418,arch_007,Solutions Architect,0.5,0.702,0.275,0.532,0.792,0.0,0.5,7.0,6.5,0.5,7,7,0.394,moderate
cand_0419,arch_007,Solutions Architect,0.571,0.732,0.26,0.531,0.881,0.0,0.429,8.3,6.5,1.8,8,6,0.346,moderate
cand_0420,arch_007,Solutions Architect,0.5,0.65,0.292,0.537,0.832,0.0,0.5,6.9,6.5,0.4,7,7,0.394,moderate
cand_0421,arch_008,Java Backend Developer,0.077,0.652,0.27,0.509,0.346,0.0,0.923,0.8,3.0,-2.2,1,12,0.692,low
cand_0422,arch_008,Java Backend Developer,0.154,0.713,0.256,0.471,0.406,0.333,0.846,1.5,3.0,-1.5,2,11,0.644,low
cand_0423,arch_008,Java Backend Developer,0.077,0.778,0.293,0.539,0.366,0.0,0.923,2.3,3.0,-0.7,1,12,0.692,low
cand_0424,arch_008,Python Developer,0.083,0.744,0.311,0.518,0.344,0.0,0.917,0.8,2.5,-1.7,1,11,0.644,low
cand_0425,arch_008,Python Developer,0.167,0.69,0.356,0.625,0.396,0.333,0.833,1.7,2.5,-0.8,2,10,0.596,low
cand_0426,arch_008,Python Developer,0.083,0.732,0.269,0.53,0.365,0.0,0.917,1.9,2.5,-0.6,1,11,0.644,low
cand_0427,arch_008,Full Stack Developer,0.071,0.703,0.254,0.56,0.343,0.0,0.929,0.8,3.0,-2.2,1,13,0.769,low
cand_0428,arch_008,Full Stack Developer,0.143,0.792,0.295,0.583,0.411,0.333,0.857,1.4,3.0,-1.6,2,12,0.721,low
cand_0429,arch_008,Full Stack Developer,0.071,0.771,0.335,0.535,0.333,0.0,0.929,0.7,3.0,-2.3,1,13,0.769,low
cand_0430,arch_008,Frontend Developer,0.0,0.741,0.619,0.575,0.355,0.0,1.0,0.8,2.0,-1.2,0,11,0.673,low
cand_0431,arch_008,Frontend Developer,0.091,0.712,0.662,0.563,0.42,0.5,0.909,1.9,2.0,-0.1,1,10,0.625,low
cand_0432,arch_008,Frontend Developer,0.0,0.707,0.594,0.625,0.353,0.0,1.0,2.6,2.0,0.6,0,11,0.673,low
cand_0433,arch_008,Backend Developer,0.077,0.77,0.311,0.616,0.294,0.0,0.923,0.8,3.0,-2.2,1,12,0.721,low
cand_0434,arch_008,Backend Developer,0.154,0.697,0.318,0.477,0.465,0.0,0.846,0.8,3.0,-2.2,2,11,0.673,low
cand_0435,arch_008,Backend Developer,0.077,0.76,0.356,0.539,0.284,0.0,0.923,1.8,3.0,-1.2,1,12,0.721,low
cand_0436,arch_008,Data Analyst,0.333,0.681,0.651,0.823,0.341,0.0,0.667,0.8,2.0,-1.2,3,6,0.346,low
cand_0437,arch_008,Data Analyst,0.444,0.7,0.646,0.849,0.436,0.5,0.556,1.5,2.0,-0.5,4,5,0.298,moderate
cand_0438,arch_008,Data Analyst,0.333,0.717,0.625,0.887,0.292,0.0,0.667,0.3,2.0,-1.7,3,6,0.346,low
cand_0439,arch_008,Data Scientist,0.167,0.903,0.328,0.796,0.318,0.0,0.833,0.8,4.0,-3.2,2,10,0.567,low
cand_0440,arch_008,Data Scientist,0.25,0.847,0.297,0.81,0.436,0.333,0.75,1.9,4.0,-2.1,3,9,0.519,low
cand_0441,arch_008,Data Scientist,0.167,0.9,0.254,0.876,0.348,0.0,0.833,0.8,4.0,-3.2,2,10,0.567,low
cand_0442,arch_008,Machine Learning Engineer,0.067,0.878,0.26,0.627,0.308,0.0,0.933,0.8,4.0,-3.2,1,14,0.817,low
cand_0443,arch_008,Machine Learning Engineer,0.133,0.823,0.291,0.544,0.446,0.25,0.867,0.6,4.0,-3.4,2,13,0.769,low
cand_0444,arch_008,Machine Learning Engineer,0.067,0.833,0.328,0.611,0.245,0.0,0.933,1.7,4.0,-2.3,1,14,0.817,low
cand_0445,arch_008,AI Engineer,0.077,0.839,0.241,0.504,0.311,0.0,0.923,0.8,3.5,-2.7,1,12,0.692,low
cand_0446,arch_008,AI Engineer,0.154,0.862,0.336,0.556,0.403,0.0,0.846,1.7,3.5,-1.8,2,11,0.644,low
cand_0447,arch_008,AI Engineer,0.077,0.854,0.317,0.566,0.261,0.0,0.923,0.4,3.5,-3.1,1,12,0.692,low
cand_0448,arch_008,MLOps Engineer,0.067,0.864,0.282,0.605,0.345,0.0,0.933,0.8,4.5,-3.7,1,14,0.846,low
cand_0449,arch_008,MLOps Engineer,0.133,0.917,0.311,0.578,0.398,0.0,0.867,1.9,4.5,-2.6,2,13,0.798,low
cand_0450,arch_008,MLOps Engineer,0.067,0.881,0.301,0.537,0.214,0.0,0.933,0.5,4.5,-4.0,1,14,0.846,low
cand_0451,arch_008,Data Engineer,0.071,0.701,0.262,0.842,0.353,0.0,0.929,0.8,3.5,-2.7,1,13,0.769,low
cand_0452,arch_008,Data Engineer,0.143,0.729,0.299,0.762,0.398,0.0,0.857,1.6,3.5,-1.9,2,12,0.721,low
cand_0453,arch_008,Data Engineer,0.071,0.792,0.298,0.771,0.238,0.0,0.929,1.2,3.5,-2.3,1,13,0.769,low
cand_0454,arch_008,DevOps Engineer,0.0,0.86,0.318,0.535,0.333,0.0,1.0,0.8,3.5,-2.7,0,14,0.846,low
cand_0455,arch_008,DevOps Engineer,0.071,0.848,0.25,0.475,0.443,0.0,0.929,1.7,3.5,-1.8,1,13,0.798,low
cand_0456,arch_008,DevOps Engineer,0.0,0.797,0.295,0.589,0.277,0.0,1.0,0.7,3.5,-2.8,0,14,0.846,low
cand_0457,arch_008,Cloud Engineer,0.071,0.858,0.254,0.488,0.361,0.0,0.929,0.8,3.0,-2.2,1,13,0.798,low
cand_0458,arch_008,Cloud Engineer,0.143,0.857,0.331,0.592,0.411,0.0,0.857,1.9,3.0,-1.1,2,12,0.75,low
cand_0459,arch_008,Cloud Engineer,0.071,0.888,0.318,0.51,0.371,0.0,0.929,0.5,3.0,-2.5,1,13,0.798,low
cand_0460,arch_008,Platform Engineer,0.0,0.775,0.272,0.608,0.292,0.0,1.0,0.8,4.5,-3.7,0,14,0.846,low
cand_0461,arch_008,Platform Engineer,0.071,0.894,0.268,0.6,0.425,0.0,0.929,2.0,4.5,-2.5,1,13,0.798,low
cand_0462,arch_008,Platform Engineer,0.0,0.871,0.26,0.492,0.304,0.0,1.0,0.9,4.5,-3.6,0,14,0.846,low
cand_0463,arch_008,Site Reliability Engineer (SRE),0.0,0.803,0.247,0.526,0.311,0.0,1.0,0.8,4.0,-3.2,0,14,0.846,low
cand_0464,arch_008,Site Reliability Engineer (SRE),0.071,0.927,0.275,0.562,0.462,0.0,0.929,1.4,4.0,-2.6,1,13,0.798,low
cand_0465,arch_008,Site Reliability Engineer (SRE),0.0,0.9,0.256,0.59,0.324,0.0,1.0,1.3,4.0,-2.7,0,14,0.846,low
cand_0466,arch_008,Cybersecurity Analyst,0.091,0.649,0.273,0.575,0.353,0.0,0.909,0.8,2.5,-1.7,1,10,0.567,low
cand_0467,arch_008,Cybersecurity Analyst,0.182,0.754,0.339,0.592,0.434,0.333,0.818,0.6,2.5,-1.9,2,9,0.519,low
cand_0468,arch_008,Cybersecurity Analyst,0.091,0.683,0.29,0.542,0.347,0.0,0.909,1.3,2.5,-1.2,1,10,0.567,low
cand_0469,arch_008,Cloud Security Engineer,0.0,0.781,0.251,0.552,0.311,0.0,1.0,0.8,4.0,-3.2,0,13,0.769,low
cand_0470,arch_008,Cloud Security Engineer,0.077,0.713,0.299,0.563,0.454,0.0,0.923,2.2,4.0,-1.8,1,12,0.721,low
cand_0471,arch_008,Cloud Security Engineer,0.0,0.742,0.324,0.606,0.28,0.0,1.0,2.3,4.0,-1.7,0,13,0.769,low
cand_0472,arch_008,QA Automation Engineer,0.083,0.704,0.706,0.602,0.333,0.0,0.917,0.8,2.5,-1.7,1,11,0.673,low
cand_0473,arch_008,QA Automation Engineer,0.167,0.694,0.659,0.561,0.415,0.333,0.833,0.9,2.5,-1.6,2,10,0.625,low
cand_0474,arch_008,QA Automation Engineer,0.083,0.648,0.602,0.595,0.329,0.0,0.917,0.8,2.5,-1.7,1,11,0.673,low
cand_0475,arch_008,Mobile Developer (React Native / Flutter),0.0,0.66,0.343,0.541,0.283,0.0,1.0,0.8,2.5,-1.7,0,11,0.673,low
cand_0476,arch_008,Mobile Developer (React Native / Flutter),0.091,0.799,0.349,0.611,0.397,0.0,0.909,2.2,2.5,-0.3,1,10,0.625,low
cand_0477,arch_008,Mobile Developer (React Native / Flutter),0.0,0.655,0.283,0.483,0.35,0.0,1.0,2.4,2.5,-0.1,0,11,0.673,low
cand_0478,arch_008,Solutions Architect,0.071,0.744,0.246,0.57,0.356,0.0,0.929,0.8,6.5,-5.7,1,13,0.769,low
cand_0479,arch_008,Solutions Architect,0.143,0.745,0.324,0.47,0.414,0.0,0.857,1.8,6.5,-4.7,2,12,0.721,low
cand_0480,arch_008,Solutions Architect,0.071,0.641,0.323,0.601,0.299,0.0,0.929,0.2,6.5,-6.3,1,13,0.769,low
cand_0481,arch_009,Java Backend Developer,0.077,0.708,0.256,0.481,0.488,0.0,0.923,3.0,3.0,0.0,1,12,0.692,low
cand_0482,arch_009,Java Backend Developer,0.154,0.657,0.284,0.518,0.572,0.333,0.846,4.0,3.0,1.0,2,11,0.644,low
cand_0483,arch_009,Java Backend Developer,0.077,0.743,0.321,0.481,0.506,0.0,0.923,4.4,3.0,1.4,1,12,0.692,low
cand_0484,arch_009,Python Developer,0.167,0.738,0.26,0.526,0.471,0.0,0.833,3.0,2.5,0.5,2,10,0.567,low
cand_0485,arch_009,Python Developer,0.25,0.739,0.293,0.505,0.623,0.333,0.75,4.0,2.5,1.5,3,9,0.519,low
cand_0486,arch_009,Python Developer,0.083,0.701,0.356,0.52,0.381,0.0,0.917,2.4,2.5,-0.1,1,11,0.644,low
cand_0487,arch_009,Full Stack Developer,0.071,0.684,0.25,0.559,0.51,0.0,0.929,3.0,3.0,0.0,1,13,0.769,low
cand_0488,arch_009,Full Stack Developer,0.143,0.776,0.319,0.518,0.585,0.333,0.857,3.7,3.0,0.7,2,12,0.721,low
cand_0489,arch_009,Full Stack Developer,0.071,0.687,0.247,0.614,0.545,0.0,0.929,3.5,3.0,0.5,1,13,0.769,low
cand_0490,arch_009,Frontend Developer,0.0,0.719,0.604,0.55,0.509,0.0,1.0,3.0,2.0,1.0,0,11,0.673,low
cand_0491,arch_009,Frontend Developer,0.091,0.798,0.702,0.491,0.619,0.5,0.909,3.6,2.0,1.6,1,10,0.625,low
cand_0492,arch_009,Frontend Developer,0.0,0.749,0.682,0.623,0.527,0.0,1.0,3.7,2.0,1.7,0,11,0.673,low
cand_0493,arch_009,Backend Developer,0.154,0.643,0.248,0.512,0.454,0.0,0.846,3.0,3.0,0.0,2,11,0.644,low
cand_0494,arch_009,Backend Developer,0.231,0.704,0.274,0.584,0.61,0.333,0.769,2.6,3.0,-0.4,3,10,0.596,low
cand_0495,arch_009,Backend Developer,0.154,0.742,0.305,0.494,0.458,0.0,0.846,3.3,3.0,0.3,2,11,0.644,low
cand_0496,arch_009,Data Analyst,0.667,0.653,0.701,0.896,0.466,0.0,0.333,3.0,2.0,1.0,6,3,0.173,moderate
cand_0497,arch_009,Data Analyst,0.778,0.69,0.642,0.893,0.557,0.5,0.222,3.2,2.0,1.2,7,2,0.125,high
cand_0498,arch_009,Data Analyst,0.667,0.659,0.663,0.749,0.517,0.0,0.333,2.7,2.0,0.7,6,3,0.173,moderate
cand_0499,arch_009,Data Scientist,0.25,0.875,0.261,0.742,0.464,0.0,0.75,3.0,4.0,-1.0,3,9,0.49,low
cand_0500,arch_009,Data Scientist,0.333,0.922,0.303,0.865,0.605,0.333,0.667,2.5,4.0,-1.5,4,8,0.442,low
cand_0501,arch_009,Data Scientist,0.25,0.887,0.254,0.884,0.4,0.0,0.75,2.5,4.0,-1.5,3,9,0.49,low
cand_0502,arch_009,Machine Learning Engineer,0.133,0.839,0.303,0.512,0.548,0.0,0.867,3.0,4.0,-1.0,2,13,0.74,low
cand_0503,arch_009,Machine Learning Engineer,0.2,0.843,0.283,0.55,0.59,0.0,0.8,3.8,4.0,-0.2,3,12,0.692,low
cand_0504,arch_009,Machine Learning Engineer,0.133,0.913,0.321,0.488,0.441,0.0,0.867,3.1,4.0,-0.9,2,13,0.74,low
cand_0505,arch_009,AI Engineer,0.154,0.77,0.343,0.472,0.455,0.0,0.846,3.0,3.5,-0.5,2,11,0.615,low
cand_0506,arch_009,AI Engineer,0.231,0.799,0.355,0.476,0.614,0.0,0.769,3.2,3.5,-0.3,3,10,0.567,low
cand_0507,arch_009,AI Engineer,0.154,0.806,0.27,0.617,0.482,0.0,0.846,4.1,3.5,0.6,2,11,0.615,low
cand_0508,arch_009,MLOps Engineer,0.133,0.902,0.309,0.489,0.517,0.0,0.867,3.0,4.5,-1.5,2,13,0.769,low
cand_0509,arch_009,MLOps Engineer,0.2,0.899,0.358,0.623,0.54,0.0,0.8,2.6,4.5,-1.9,3,12,0.721,low
cand_0510,arch_009,MLOps Engineer,0.133,0.822,0.306,0.471,0.387,0.0,0.867,3.4,4.5,-1.1,2,13,0.769,low
cand_0511,arch_009,Data Engineer,0.143,0.73,0.276,0.84,0.496,0.0,0.857,3.0,3.5,-0.5,2,12,0.692,low
cand_0512,arch_009,Data Engineer,0.214,0.8,0.333,0.857,0.588,0.0,0.786,3.7,3.5,0.2,3,11,0.644,low
cand_0513,arch_009,Data Engineer,0.071,0.644,0.305,0.842,0.436,0.0,0.929,4.4,3.5,0.9,1,13,0.769,low
cand_0514,arch_009,DevOps Engineer,0.071,0.772,0.28,0.591,0.488,0.0,0.929,3.0,3.5,-0.5,1,13,0.798,low
cand_0515,arch_009,DevOps Engineer,0.143,0.787,0.304,0.508,0.583,0.0,0.857,4.0,3.5,0.5,2,12,0.75,low
cand_0516,arch_009,DevOps Engineer,0.071,0.884,0.251,0.617,0.54,0.0,0.929,2.2,3.5,-1.3,1,13,0.798,low
cand_0517,arch_009,Cloud Engineer,0.143,0.853,0.324,0.53,0.547,0.0,0.857,3.0,3.0,0.0,2,12,0.75,low
cand_0518,arch_009,Cloud Engineer,0.214,0.851,0.316,0.533,0.593,0.333,0.786,2.7,3.0,-0.3,3,11,0.702,low
cand_0519,arch_009,Cloud Engineer,0.143,0.791,0.275,0.606,0.543,0.0,0.857,2.2,3.0,-0.8,2,12,0.75,low
cand_0520,arch_009,Platform Engineer,0.071,0.833,0.34,0.522,0.495,0.0,0.929,3.0,4.5,-1.5,1,13,0.798,low
cand_0521,arch_009,Platform Engineer,0.143,0.792,0.332,0.487,0.544,0.0,0.857,3.0,4.5,-1.5,2,12,0.75,low
cand_0522,arch_009,Platform Engineer,0.071,0.789,0.283,0.593,0.495,0.0,0.929,3.3,4.5,-1.2,1,13,0.798,low
cand_0523,arch_009,Site Reliability Engineer (SRE),0.071,0.844,0.342,0.484,0.531,0.0,0.929,3.0,4.0,-1.0,1,13,0.769,low
cand_0524,arch_009,Site Reliability Engineer (SRE),0.143,0.804,0.343,0.494,0.604,0.0,0.857,3.1,4.0,-0.9,2,12,0.721,low
cand_0525,arch_009,Site Reliability Engineer (SRE),0.071,0.778,0.276,0.601,0.467,0.0,0.929,4.9,4.0,0.9,1,13,0.769,low
cand_0526,arch_009,Cybersecurity Analyst,0.182,0.792,0.343,0.559,0.505,0.0,0.818,3.0,2.5,0.5,2,9,0.519,low
cand_0527,arch_009,Cybersecurity Analyst,0.273,0.769,0.257,0.472,0.616,0.0,0.727,2.7,2.5,0.2,3,8,0.471,low
cand_0528,arch_009,Cybersecurity Analyst,0.091,0.7,0.316,0.573,0.425,0.0,0.909,4.9,2.5,2.4,1,10,0.567,low
cand_0529,arch_009,Cloud Security Engineer,0.077,0.681,0.338,0.473,0.456,0.0,0.923,3.0,4.0,-1.0,1,12,0.721,low
cand_0530,arch_009,Cloud Security Engineer,0.154,0.769,0.251,0.606,0.614,0.0,0.846,4.3,4.0,0.3,2,11,0.673,low
cand_0531,arch_009,Cloud Security Engineer,0.077,0.648,0.351,0.539,0.522,0.0,0.923,2.4,4.0,-1.6,1,12,0.721,low
cand_0532,arch_009,QA Automation Engineer,0.167,0.719,0.636,0.538,0.485,0.0,0.833,3.0,2.5,0.5,2,10,0.596,low
cand_0533,arch_009,QA Automation Engineer,0.25,0.685,0.696,0.476,0.595,0.333,0.75,4.3,2.5,1.8,3,9,0.548,low
cand_0534,arch_009,QA Automation Engineer,0.083,0.781,0.647,0.484,0.405,0.0,0.917,2.7,2.5,0.2,1,11,0.673,low
cand_0535,arch_009,Mobile Developer (React Native / Flutter),0.0,0.707,0.317,0.598,0.475,0.0,1.0,3.0,2.5,0.5,0,11,0.673,low
cand_0536,arch_009,Mobile Developer (React Native / Flutter),0.091,0.767,0.359,0.595,0.569,0.0,0.909,4.5,2.5,2.0,1,10,0.625,low
cand_0537,arch_009,Mobile Developer (React Native / Flutter),0.0,0.786,0.3,0.532,0.468,0.0,1.0,3.6,2.5,1.1,0,11,0.673,low
cand_0538,arch_009,Solutions Architect,0.214,0.691,0.266,0.613,0.528,0.0,0.786,3.0,6.5,-3.5,3,11,0.644,low
cand_0539,arch_009,Solutions Architect,0.286,0.725,0.332,0.63,0.631,0.333,0.714,2.6,6.5,-3.9,4,10,0.596,low
cand_0540,arch_009,Solutions Architect,0.214,0.683,0.338,0.617,0.456,0.0,0.786,2.3,6.5,-4.2,3,11,0.644,low
cand_0541,arch_010,Java Backend Developer,0.154,0.799,0.266,0.605,0.446,0.0,0.846,2.0,3.0,-1.0,2,11,0.644,low
cand_0542,arch_010,Java Backend Developer,0.231,0.668,0.311,0.599,0.52,0.0,0.769,2.2,3.0,-0.8,3,10,0.596,low
cand_0543,arch_010,Java Backend Developer,0.154,0.792,0.308,0.56,0.302,0.0,0.846,3.7,3.0,0.7,2,11,0.644,low
cand_0544,arch_010,Python Developer,0.25,0.798,0.346,0.549,0.398,0.0,0.75,2.0,2.5,-0.5,3,9,0.519,low
cand_0545,arch_010,Python Developer,0.25,0.649,0.312,0.473,0.414,0.0,0.75,2.5,2.5,0.0,3,9,0.519,low
cand_0546,arch_010,Python Developer,0.25,0.769,0.281,0.498,0.447,0.0,0.75,2.0,2.5,-0.5,3,9,0.519,low
cand_0547,arch_010,Full Stack Developer,0.143,0.779,0.247,0.494,0.437,0.0,0.857,2.0,3.0,-1.0,2,12,0.721,low
cand_0548,arch_010,Full Stack Developer,0.143,0.775,0.343,0.624,0.404,0.0,0.857,1.8,3.0,-1.2,2,12,0.721,low
cand_0549,arch_010,Full Stack Developer,0.143,0.656,0.276,0.492,0.382,0.0,0.857,3.8,3.0,0.8,2,12,0.721,low
cand_0550,arch_010,Frontend Developer,0.091,0.792,0.685,0.624,0.432,0.0,0.909,2.0,2.0,0.0,1,10,0.625,low
cand_0551,arch_010,Frontend Developer,0.182,0.751,0.701,0.596,0.472,0.0,0.818,1.8,2.0,-0.2,2,9,0.577,low
cand_0552,arch_010,Frontend Developer,0.091,0.757,0.625,0.498,0.284,0.0,0.909,2.8,2.0,0.8,1,10,0.625,low
cand_0553,arch_010,Backend Developer,0.154,0.752,0.309,0.606,0.444,0.0,0.846,2.0,3.0,-1.0,2,11,0.644,low
cand_0554,arch_010,Backend Developer,0.231,0.736,0.351,0.625,0.472,0.0,0.769,2.6,3.0,-0.4,3,10,0.596,low
cand_0555,arch_010,Backend Developer,0.154,0.663,0.329,0.508,0.465,0.0,0.846,2.7,3.0,-0.3,2,11,0.644,low
cand_0556,arch_010,Data Analyst,0.333,0.667,0.696,0.754,0.438,0.0,0.667,2.0,2.0,0.0,3,6,0.375,low
cand_0557,arch_010,Data Analyst,0.333,0.711,0.622,0.78,0.373,0.0,0.667,2.8,2.0,0.8,3,6,0.375,low
cand_0558,arch_010,Data Analyst,0.333,0.648,0.643,0.807,0.3,0.0,0.667,1.8,2.0,-0.2,3,6,0.375,low
cand_0559,arch_010,Data Scientist,0.417,0.836,0.346,0.526,0.404,0.0,0.583,2.0,4.0,-2.0,5,7,0.365,low
cand_0560,arch_010,Data Scientist,0.5,0.908,0.318,0.58,0.466,0.333,0.5,3.2,4.0,-0.8,6,6,0.317,moderate
cand_0561,arch_010,Data Scientist,0.417,0.817,0.278,0.622,0.374,0.0,0.583,1.2,4.0,-2.8,5,7,0.365,low
cand_0562,arch_010,Machine Learning Engineer,0.267,0.797,0.285,0.587,0.421,0.0,0.733,2.0,4.0,-2.0,4,11,0.615,low
cand_0563,arch_010,Machine Learning Engineer,0.333,0.824,0.358,0.613,0.52,0.0,0.667,3.3,4.0,-0.7,5,10,0.567,low
cand_0564,arch_010,Machine Learning Engineer,0.267,0.867,0.292,0.479,0.4,0.0,0.733,2.3,4.0,-1.7,4,11,0.615,low
cand_0565,arch_010,AI Engineer,0.231,0.926,0.289,0.559,0.459,0.0,0.769,2.0,3.5,-1.5,3,10,0.567,low
cand_0566,arch_010,AI Engineer,0.308,0.818,0.252,0.533,0.505,0.25,0.692,2.6,3.5,-0.9,4,9,0.519,low
cand_0567,arch_010,AI Engineer,0.154,0.838,0.275,0.576,0.343,0.0,0.846,2.5,3.5,-1.0,2,11,0.615,low
cand_0568,arch_010,MLOps Engineer,0.2,0.802,0.243,0.497,0.396,0.0,0.8,2.0,4.5,-2.5,3,12,0.692,low
cand_0569,arch_010,MLOps Engineer,0.267,0.819,0.288,0.548,0.516,0.0,0.733,1.7,4.5,-2.8,4,11,0.644,low
cand_0570,arch_010,MLOps Engineer,0.2,0.8,0.346,0.529,0.411,0.0,0.8,1.3,4.5,-3.2,3,12,0.692,low
cand_0571,arch_010,Data Engineer,0.214,0.682,0.296,0.506,0.394,0.0,0.786,2.0,3.5,-1.5,3,11,0.615,low
cand_0572,arch_010,Data Engineer,0.286,0.654,0.281,0.557,0.547,0.0,0.714,1.6,3.5,-1.9,4,10,0.567,low
cand_0573,arch_010,Data Engineer,0.214,0.775,0.338,0.537,0.42,0.0,0.786,2.8,3.5,-0.7,3,11,0.615,low
cand_0574,arch_010,DevOps Engineer,0.143,0.909,0.297,0.611,0.414,0.0,0.857,2.0,3.5,-1.5,2,12,0.721,low
cand_0575,arch_010,DevOps Engineer,0.214,0.85,0.348,0.598,0.518,0.333,0.786,1.7,3.5,-1.8,3,11,0.673,low
cand_0576,arch_010,DevOps Engineer,0.143,0.798,0.358,0.626,0.364,0.0,0.857,2.9,3.5,-0.6,2,12,0.721,low
cand_0577,arch_010,Cloud Engineer,0.214,0.79,0.291,0.628,0.41,0.0,0.786,2.0,3.0,-1.0,3,11,0.673,low
cand_0578,arch_010,Cloud Engineer,0.214,0.903,0.271,0.616,0.458,0.0,0.786,3.5,3.0,0.5,3,11,0.673,low
cand_0579,arch_010,Cloud Engineer,0.214,0.834,0.279,0.514,0.412,0.0,0.786,1.2,3.0,-1.8,3,11,0.673,low
cand_0580,arch_010,Platform Engineer,0.143,0.91,0.334,0.57,0.419,0.0,0.857,2.0,4.5,-2.5,2,12,0.75,low
cand_0581,arch_010,Platform Engineer,0.214,0.794,0.308,0.563,0.546,0.0,0.786,2.3,4.5,-2.2,3,11,0.702,low
cand_0582,arch_010,Platform Engineer,0.071,0.896,0.344,0.611,0.371,0.0,0.929,1.3,4.5,-3.2,1,13,0.798,low
cand_0583,arch_010,Site Reliability Engineer (SRE),0.143,0.812,0.319,0.562,0.414,0.0,0.857,2.0,4.0,-2.0,2,12,0.721,low
cand_0584,arch_010,Site Reliability Engineer (SRE),0.214,0.793,0.313,0.581,0.454,0.333,0.786,1.8,4.0,-2.2,3,11,0.673,low
cand_0585,arch_010,Site Reliability Engineer (SRE),0.143,0.808,0.329,0.617,0.456,0.0,0.857,3.7,4.0,-0.3,2,12,0.721,low
cand_0586,arch_010,Cybersecurity Analyst,0.273,0.643,0.338,0.518,0.395,0.0,0.727,2.0,2.5,-0.5,3,8,0.471,low
cand_0587,arch_010,Cybersecurity Analyst,0.364,0.75,0.357,0.506,0.48,0.333,0.636,2.5,2.5,0.0,4,7,0.423,low
cand_0588,arch_010,Cybersecurity Analyst,0.273,0.691,0.327,0.567,0.376,0.0,0.727,3.2,2.5,0.7,3,8,0.471,low
cand_0589,arch_010,Cloud Security Engineer,0.154,0.711,0.35,0.535,0.415,0.0,0.846,2.0,4.0,-2.0,2,11,0.673,low
cand_0590,arch_010,Cloud Security Engineer,0.231,0.771,0.302,0.495,0.481,0.0,0.769,2.5,4.0,-1.5,3,10,0.625,low
cand_0591,arch_010,Cloud Security Engineer,0.154,0.781,0.243,0.501,0.367,0.0,0.846,2.5,4.0,-1.5,2,11,0.673,low
cand_0592,arch_010,QA Automation Engineer,0.25,0.774,0.62,0.543,0.458,0.0,0.75,2.0,2.5,-0.5,3,9,0.519,low
cand_0593,arch_010,QA Automation Engineer,0.333,0.699,0.646,0.534,0.542,0.333,0.667,2.9,2.5,0.4,4,8,0.471,low
cand_0594,arch_010,QA Automation Engineer,0.25,0.735,0.611,0.609,0.342,0.0,0.75,3.0,2.5,0.5,3,9,0.519,low
cand_0595,arch_010,Mobile Developer (React Native / Flutter),0.091,0.696,0.26,0.613,0.442,0.0,0.909,2.0,2.5,-0.5,1,10,0.596,low
cand_0596,arch_010,Mobile Developer (React Native / Flutter),0.182,0.644,0.246,0.607,0.528,0.333,0.818,2.9,2.5,0.4,2,9,0.548,low
cand_0597,arch_010,Mobile Developer (React Native / Flutter),0.091,0.748,0.272,0.536,0.285,0.0,0.909,1.6,2.5,-0.9,1,10,0.596,low
cand_0598,arch_010,Solutions Architect,0.143,0.765,0.332,0.471,0.458,0.0,0.857,2.0,6.5,-4.5,2,12,0.721,low
cand_0599,arch_010,Solutions Architect,0.214,0.676,0.313,0.621,0.521,0.333,0.786,2.8,6.5,-3.7,3,11,0.673,low
cand_0600,arch_010,Solutions Architect,0.143,0.776,0.295,0.505,0.314,0.0,0.857,3.1,6.5,-3.4,2,12,0.721,low
cand_0601,arch_011,Java Backend Developer,0.308,0.723,0.315,0.564,0.701,0.0,0.692,5.5,3.0,2.5,4,9,0.519,low
cand_0602,arch_011,Java Backend Developer,0.385,0.73,0.311,0.515,0.852,0.0,0.615,7.0,3.0,4.0,5,8,0.471,moderate
cand_0603,arch_011,Java Backend Developer,0.308,0.684,0.279,0.514,0.766,0.0,0.692,5.9,3.0,2.9,4,9,0.519,low
cand_0604,arch_011,Python Developer,0.5,0.792,0.318,0.5,0.752,0.333,0.5,5.5,2.5,3.0,6,6,0.346,moderate
cand_0605,arch_011,Python Developer,0.5,0.769,0.336,0.566,0.766,0.333,0.5,5.5,2.5,3.0,6,6,0.346,moderate
cand_0606,arch_011,Python Developer,0.5,0.745,0.36,0.512,0.742,0.333,0.5,6.5,2.5,4.0,6,6,0.346,moderate
cand_0607,arch_011,Full Stack Developer,0.357,0.702,0.244,0.583,0.757,0.333,0.643,5.5,3.0,2.5,5,9,0.548,moderate
cand_0608,arch_011,Full Stack Developer,0.357,0.75,0.317,0.546,0.794,0.333,0.643,5.4,3.0,2.4,5,9,0.548,moderate
cand_0609,arch_011,Full Stack Developer,0.357,0.667,0.319,0.559,0.729,0.333,0.643,5.6,3.0,2.6,5,9,0.548,moderate
cand_0610,arch_011,Frontend Developer,0.182,0.715,0.679,0.586,0.756,0.0,0.818,5.5,2.0,3.5,2,9,0.548,low
cand_0611,arch_011,Frontend Developer,0.273,0.784,0.669,0.506,0.806,0.0,0.727,6.8,2.0,4.8,3,8,0.5,low
cand_0612,arch_011,Frontend Developer,0.182,0.782,0.635,0.564,0.746,0.0,0.818,7.1,2.0,5.1,2,9,0.548,low
cand_0613,arch_011,Backend Developer,0.308,0.659,0.246,0.572,0.758,0.0,0.692,5.5,3.0,2.5,4,9,0.519,low
cand_0614,arch_011,Backend Developer,0.385,0.782,0.3,0.609,0.822,0.333,0.615,6.2,3.0,3.2,5,8,0.471,moderate
cand_0615,arch_011,Backend Developer,0.231,0.662,0.264,0.535,0.674,0.0,0.769,5.4,3.0,2.4,3,10,0.567,low
cand_0616,arch_011,Data Analyst,0.333,0.785,0.645,0.521,0.772,0.5,0.667,5.5,2.0,3.5,3,6,0.404,low
cand_0617,arch_011,Data Analyst,0.333,0.693,0.708,0.52,0.706,0.5,0.667,6.6,2.0,4.6,3,6,0.404,low
cand_0618,arch_011,Data Analyst,0.333,0.732,0.609,0.596,0.695,0.5,0.667,5.9,2.0,3.9,3,6,0.404,low
cand_0619,arch_011,Data Scientist,0.667,0.791,0.292,0.539,0.743,0.333,0.333,5.5,4.0,1.5,8,4,0.221,moderate
cand_0620,arch_011,Data Scientist,0.667,0.776,0.264,0.53,0.701,0.333,0.333,6.0,4.0,2.0,8,4,0.221,moderate
cand_0621,arch_011,Data Scientist,0.667,0.8,0.321,0.57,0.725,0.333,0.333,5.5,4.0,1.5,8,4,0.221,moderate
cand_0622,arch_011,Machine Learning Engineer,0.6,0.881,0.281,0.491,0.738,0.25,0.4,5.5,4.0,1.5,9,6,0.288,moderate
cand_0623,arch_011,Machine Learning Engineer,0.667,0.78,0.245,0.622,0.829,0.5,0.333,6.2,4.0,2.2,10,5,0.24,moderate
cand_0624,arch_011,Machine Learning Engineer,0.6,0.839,0.322,0.491,0.8,0.25,0.4,6.1,4.0,2.1,9,6,0.288,moderate
cand_0625,arch_011,AI Engineer,0.462,0.848,0.33,0.496,0.791,0.25,0.538,5.5,3.5,2.0,6,7,0.394,moderate
cand_0626,arch_011,AI Engineer,0.462,0.807,0.327,0.491,0.773,0.25,0.538,6.6,3.5,3.1,6,7,0.394,moderate
cand_0627,arch_011,AI Engineer,0.462,0.884,0.335,0.53,0.681,0.25,0.538,6.3,3.5,2.8,6,7,0.394,moderate
cand_0628,arch_011,MLOps Engineer,0.333,0.893,0.315,0.565,0.705,0.0,0.667,5.5,4.5,1.0,5,10,0.567,low
cand_0629,arch_011,MLOps Engineer,0.4,0.778,0.254,0.541,0.796,0.0,0.6,5.2,4.5,0.7,6,9,0.519,low
cand_0630,arch_011,MLOps Engineer,0.333,0.803,0.322,0.471,0.742,0.0,0.667,5.3,4.5,0.8,5,10,0.567,low
cand_0631,arch_011,Data Engineer,0.357,0.656,0.302,0.57,0.77,0.0,0.643,5.5,3.5,2.0,5,9,0.49,low
cand_0632,arch_011,Data Engineer,0.357,0.722,0.314,0.515,0.778,0.0,0.643,5.8,3.5,2.3,5,9,0.49,low
cand_0633,arch_011,Data Engineer,0.357,0.764,0.34,0.626,0.736,0.0,0.643,6.0,3.5,2.5,5,9,0.49,moderate
cand_0634,arch_011,DevOps Engineer,0.214,0.836,0.259,0.558,0.791,0.0,0.786,5.5,3.5,2.0,3,11,0.644,low
cand_0635,arch_011,DevOps Engineer,0.286,0.823,0.24,0.577,0.874,0.0,0.714,6.4,3.5,2.9,4,10,0.596,low
cand_0636,arch_011,DevOps Engineer,0.214,0.794,0.251,0.552,0.772,0.0,0.786,7.0,3.5,3.5,3,11,0.644,low
cand_0637,arch_011,Cloud Engineer,0.357,0.786,0.271,0.507,0.799,0.0,0.643,5.5,3.0,2.5,5,9,0.519,moderate
cand_0638,arch_011,Cloud Engineer,0.429,0.778,0.338,0.61,0.869,0.333,0.571,5.6,3.0,2.6,6,8,0.471,moderate
cand_0639,arch_011,Cloud Engineer,0.357,0.838,0.254,0.606,0.789,0.0,0.643,5.6,3.0,2.6,5,9,0.519,moderate
cand_0640,arch_011,Platform Engineer,0.214,0.772,0.257,0.574,0.733,0.0,0.786,5.5,4.5,1.0,3,11,0.673,low
cand_0641,arch_011,Platform Engineer,0.286,0.911,0.251,0.6,0.802,0.333,0.714,6.8,4.5,2.3,4,10,0.625,low
cand_0642,arch_011,Platform Engineer,0.214,0.813,0.286,0.606,0.78,0.0,0.786,5.7,4.5,1.2,3,11,0.673,low
cand_0643,arch_011,Site Reliability Engineer (SRE),0.214,0.874,0.336,0.488,0.77,0.0,0.786,5.5,4.0,1.5,3,11,0.644,low
cand_0644,arch_011,Site Reliability Engineer (SRE),0.214,0.787,0.349,0.547,0.757,0.0,0.786,5.1,4.0,1.1,3,11,0.644,low
cand_0645,arch_011,Site Reliability Engineer (SRE),0.214,0.895,0.313,0.608,0.788,0.0,0.786,5.8,4.0,1.8,3,11,0.644,low
cand_0646,arch_011,Cybersecurity Analyst,0.273,0.756,0.347,0.547,0.749,0.0,0.727,5.5,2.5,3.0,3,8,0.471,low
cand_0647,arch_011,Cybersecurity Analyst,0.364,0.647,0.271,0.52,0.854,0.0,0.636,6.8,2.5,4.3,4,7,0.423,moderate
cand_0648,arch_011,Cybersecurity Analyst,0.273,0.732,0.308,0.626,0.767,0.0,0.727,6.5,2.5,4.0,3,8,0.471,low
cand_0649,arch_011,Cloud Security Engineer,0.231,0.694,0.303,0.582,0.71,0.0,0.769,5.5,4.0,1.5,3,10,0.596,low
cand_0650,arch_011,Cloud Security Engineer,0.308,0.717,0.32,0.573,0.798,0.333,0.692,6.3,4.0,2.3,4,9,0.548,low
cand_0651,arch_011,Cloud Security Engineer,0.231,0.738,0.241,0.619,0.751,0.0,0.769,7.0,4.0,3.0,3,10,0.596,low
cand_0652,arch_011,QA Automation Engineer,0.417,0.715,0.65,0.496,0.775,0.0,0.583,5.5,2.5,3.0,5,7,0.394,moderate
cand_0653,arch_011,QA Automation Engineer,0.5,0.795,0.596,0.506,0.848,0.333,0.5,5.6,2.5,3.1,6,6,0.346,moderate
cand_0654,arch_011,QA Automation Engineer,0.333,0.711,0.659,0.484,0.667,0.0,0.667,5.7,2.5,3.2,4,8,0.471,low
cand_0655,arch_011,Mobile Developer (React Native / Flutter),0.182,0.691,0.358,0.589,0.702,0.0,0.818,5.5,2.5,3.0,2,9,0.519,low
cand_0656,arch_011,Mobile Developer (React Native / Flutter),0.273,0.729,0.24,0.485,0.844,0.333,0.727,5.8,2.5,3.3,3,8,0.471,low
cand_0657,arch_011,Mobile Developer (React Native / Flutter),0.182,0.721,0.265,0.577,0.795,0.0,0.818,6.4,2.5,3.9,2,9,0.519,low
cand_0658,arch_011,Solutions Architect,0.286,0.698,0.247,0.506,0.745,0.0,0.714,5.5,6.5,-1.0,4,10,0.596,low
cand_0659,arch_011,Solutions Architect,0.357,0.755,0.284,0.542,0.793,0.333,0.643,6.1,6.5,-0.4,5,9,0.548,low
cand_0660,arch_011,Solutions Architect,0.286,0.773,0.356,0.517,0.669,0.0,0.714,6.5,6.5,0.0,4,10,0.596,low
cand_0661,arch_012,Java Backend Developer,0.308,0.752,0.245,0.496,0.464,0.0,0.692,2.0,3.0,-1.0,4,9,0.548,low
cand_0662,arch_012,Java Backend Developer,0.385,0.657,0.313,0.5,0.626,0.0,0.615,2.9,3.0,-0.1,5,8,0.5,low
cand_0663,arch_012,Java Backend Developer,0.308,0.765,0.326,0.487,0.491,0.0,0.692,2.2,3.0,-0.8,4,9,0.548,low
cand_0664,arch_012,Python Developer,0.417,0.788,0.34,0.564,0.527,0.0,0.583,2.0,2.5,-0.5,5,7,0.423,low
cand_0665,arch_012,Python Developer,0.5,0.734,0.301,0.624,0.534,0.333,0.5,2.4,2.5,-0.1,6,6,0.375,moderate
cand_0666,arch_012,Python Developer,0.417,0.709,0.31,0.618,0.528,0.0,0.583,3.2,2.5,0.7,5,7,0.423,moderate
cand_0667,arch_012,Full Stack Developer,0.214,0.786,0.323,0.498,0.532,0.0,0.786,2.0,3.0,-1.0,3,11,0.673,low
cand_0668,arch_012,Full Stack Developer,0.286,0.721,0.286,0.627,0.625,0.333,0.714,1.7,3.0,-1.3,4,10,0.625,low
cand_0669,arch_012,Full Stack Developer,0.214,0.795,0.294,0.491,0.408,0.0,0.786,3.3,3.0,0.3,3,11,0.673,low
cand_0670,arch_012,Frontend Developer,0.091,0.752,0.68,0.518,0.52,0.0,0.909,2.0,2.0,0.0,1,10,0.625,low
cand_0671,arch_012,Frontend Developer,0.182,0.758,0.656,0.505,0.554,0.0,0.818,3.2,2.0,1.2,2,9,0.577,low
cand_0672,arch_012,Frontend Developer,0.091,0.787,0.606,0.584,0.548,0.0,0.909,3.1,2.0,1.1,1,10,0.625,low
cand_0673,arch_012,Backend Developer,0.231,0.668,0.305,0.572,0.521,0.0,0.769,2.0,3.0,-1.0,3,10,0.596,low
cand_0674,arch_012,Backend Developer,0.231,0.717,0.308,0.577,0.492,0.0,0.769,3.0,3.0,0.0,3,10,0.596,low
cand_0675,arch_012,Backend Developer,0.231,0.686,0.342,0.599,0.502,0.0,0.769,3.2,3.0,0.2,3,10,0.596,low
cand_0676,arch_012,Data Analyst,0.222,0.644,0.607,0.847,0.47,0.0,0.778,2.0,2.0,0.0,2,7,0.452,low
cand_0677,arch_012,Data Analyst,0.333,0.797,0.672,0.763,0.54,0.0,0.667,3.0,2.0,1.0,3,6,0.404,low
cand_0678,arch_012,Data Analyst,0.222,0.645,0.688,0.756,0.453,0.0,0.778,3.4,2.0,1.4,2,7,0.452,low
cand_0679,arch_012,Data Scientist,0.25,0.888,0.344,0.589,0.506,0.0,0.75,2.0,4.0,-2.0,3,9,0.519,low
cand_0680,arch_012,Data Scientist,0.333,0.897,0.324,0.581,0.538,0.333,0.667,2.0,4.0,-2.0,4,8,0.471,low
cand_0681,arch_012,Data Scientist,0.25,0.896,0.322,0.625,0.455,0.0,0.75,2.1,4.0,-1.9,3,9,0.519,low
cand_0682,arch_012,Machine Learning Engineer,0.267,0.889,0.264,0.609,0.536,0.0,0.733,2.0,4.0,-2.0,4,11,0.644,low
cand_0683,arch_012,Machine Learning Engineer,0.333,0.916,0.325,0.574,0.609,0.25,0.667,2.4,4.0,-1.6,5,10,0.596,low
cand_0684,arch_012,Machine Learning Engineer,0.267,0.894,0.356,0.517,0.468,0.0,0.733,2.6,4.0,-1.4,4,11,0.644,low
cand_0685,arch_012,AI Engineer,0.231,0.879,0.262,0.498,0.501,0.0,0.769,2.0,3.5,-1.5,3,10,0.567,low
cand_0686,arch_012,AI Engineer,0.308,0.815,0.272,0.496,0.618,0.25,0.692,2.3,3.5,-1.2,4,9,0.519,low
cand_0687,arch_012,AI Engineer,0.231,0.92,0.245,0.619,0.51,0.0,0.769,1.0,3.5,-2.5,3,10,0.567,low
cand_0688,arch_012,MLOps Engineer,0.267,0.894,0.315,0.605,0.48,0.0,0.733,2.0,4.5,-2.5,4,11,0.615,low
cand_0689,arch_012,MLOps Engineer,0.333,0.827,0.334,0.521,0.555,0.25,0.667,3.1,4.5,-1.4,5,10,0.567,low
cand_0690,arch_012,MLOps Engineer,0.267,0.795,0.305,0.535,0.402,0.0,0.733,1.6,4.5,-2.9,4,11,0.615,low
cand_0691,arch_012,Data Engineer,0.429,0.781,0.32,0.793,0.479,0.0,0.571,2.0,3.5,-1.5,6,8,0.413,moderate
cand_0692,arch_012,Data Engineer,0.5,0.799,0.339,0.897,0.534,0.0,0.5,3.4,3.5,-0.1,7,7,0.365,moderate
cand_0693,arch_012,Data Engineer,0.429,0.785,0.314,0.839,0.546,0.0,0.571,3.0,3.5,-0.5,6,8,0.413,moderate
cand_0694,arch_012,DevOps Engineer,0.286,0.879,0.279,0.617,0.544,0.0,0.714,2.0,3.5,-1.5,4,10,0.596,low
cand_0695,arch_012,DevOps Engineer,0.286,0.774,0.302,0.593,0.501,0.0,0.714,2.3,3.5,-1.2,4,10,0.596,low
cand_0696,arch_012,DevOps Engineer,0.286,0.817,0.318,0.521,0.458,0.0,0.714,2.5,3.5,-1.0,4,10,0.596,low
cand_0697,arch_012,Cloud Engineer,0.286,0.785,0.357,0.594,0.503,0.0,0.714,2.0,3.0,-1.0,4,10,0.596,low
cand_0698,arch_012,Cloud Engineer,0.357,0.877,0.333,0.608,0.576,0.0,0.643,2.8,3.0,-0.2,5,9,0.548,low
cand_0699,arch_012,Cloud Engineer,0.286,0.882,0.357,0.594,0.515,0.0,0.714,1.3,3.0,-1.7,4,10,0.596,low
cand_0700,arch_012,Platform Engineer,0.214,0.92,0.33,0.495,0.496,0.0,0.786,2.0,4.5,-2.5,3,11,0.673,low
cand_0701,arch_012,Platform Engineer,0.214,0.782,0.261,0.51,0.457,0.0,0.786,2.2,4.5,-2.3,3,11,0.673,low
cand_0702,arch_012,Platform Engineer,0.214,0.835,0.294,0.535,0.482,0.0,0.786,3.5,4.5,-1.0,3,11,0.673,low
cand_0703,arch_012,Site Reliability Engineer (SRE),0.214,0.832,0.254,0.471,0.522,0.0,0.786,2.0,4.0,-2.0,3,11,0.644,low
cand_0704,arch_012,Site Reliability Engineer (SRE),0.286,0.882,0.249,0.618,0.544,0.0,0.714,1.6,4.0,-2.4,4,10,0.596,low
cand_0705,arch_012,Site Reliability Engineer (SRE),0.214,0.784,0.332,0.54,0.49,0.0,0.786,3.4,4.0,-0.6,3,11,0.644,low
cand_0706,arch_012,Cybersecurity Analyst,0.364,0.746,0.297,0.555,0.464,0.0,0.636,2.0,2.5,-0.5,4,7,0.394,low
cand_0707,arch_012,Cybersecurity Analyst,0.455,0.776,0.275,0.571,0.563,0.0,0.545,2.3,2.5,-0.2,5,6,0.346,moderate
cand_0708,arch_012,Cybersecurity Analyst,0.364,0.779,0.318,0.623,0.451,0.0,0.636,3.7,2.5,1.2,4,7,0.394,moderate
cand_0709,arch_012,Cloud Security Engineer,0.231,0.78,0.257,0.477,0.507,0.0,0.769,2.0,4.0,-2.0,3,10,0.596,low
cand_0710,arch_012,Cloud Security Engineer,0.308,0.689,0.33,0.615,0.568,0.0,0.692,2.3,4.0,-1.7,4,9,0.548,low
cand_0711,arch_012,Cloud Security Engineer,0.231,0.722,0.259,0.505,0.533,0.0,0.769,2.2,4.0,-1.8,3,10,0.596,low
cand_0712,arch_012,QA Automation Engineer,0.333,0.671,0.612,0.598,0.535,0.0,0.667,2.0,2.5,-0.5,4,8,0.471,low
cand_0713,arch_012,QA Automation Engineer,0.417,0.714,0.656,0.517,0.54,0.333,0.583,3.2,2.5,0.7,5,7,0.423,low
cand_0714,arch_012,QA Automation Engineer,0.333,0.718,0.63,0.491,0.516,0.0,0.667,1.3,2.5,-1.2,4,8,0.471,low
cand_0715,arch_012,Mobile Developer (React Native / Flutter),0.091,0.656,0.314,0.614,0.482,0.0,0.909,2.0,2.5,-0.5,1,10,0.596,low
cand_0716,arch_012,Mobile Developer (React Native / Flutter),0.182,0.746,0.323,0.494,0.59,0.0,0.818,2.4,2.5,-0.1,2,9,0.548,low
cand_0717,arch_012,Mobile Developer (React Native / Flutter),0.091,0.667,0.278,0.596,0.521,0.0,0.909,3.4,2.5,0.9,1,10,0.596,low
cand_0718,arch_012,Solutions Architect,0.286,0.743,0.273,0.528,0.518,0.0,0.714,2.0,6.5,-4.5,4,10,0.625,low
cand_0719,arch_012,Solutions Architect,0.357,0.714,0.283,0.519,0.589,0.333,0.643,2.2,6.5,-4.3,5,9,0.577,low
cand_0720,arch_012,Solutions Architect,0.286,0.775,0.343,0.492,0.504,0.0,0.714,1.5,6.5,-5.0,4,10,0.625,low
cand_0721,arch_013,Java Backend Developer,0.385,0.682,0.346,0.482,0.708,0.333,0.615,6.5,3.0,3.5,5,8,0.5,moderate
cand_0722,arch_013,Java Backend Developer,0.385,0.77,0.309,0.593,0.721,0.333,0.615,6.0,3.0,3.0,5,8,0.5,moderate
cand_0723,arch_013,Java Backend Developer,0.385,0.716,0.333,0.529,0.639,0.333,0.615,5.6,3.0,2.6,5,8,0.5,moderate
cand_0724,arch_013,Python Developer,0.5,0.764,0.328,0.517,0.746,0.333,0.5,6.5,2.5,4.0,6,6,0.375,moderate
cand_0725,arch_013,Python Developer,0.5,0.698,0.241,0.508,0.796,0.333,0.5,7.0,2.5,4.5,6,6,0.375,moderate
cand_0726,arch_013,Python Developer,0.5,0.761,0.257,0.495,0.757,0.333,0.5,8.4,2.5,5.9,6,6,0.375,moderate
cand_0727,arch_013,Full Stack Developer,0.286,0.731,0.345,0.493,0.773,0.0,0.714,6.5,3.0,3.5,4,10,0.625,low
cand_0728,arch_013,Full Stack Developer,0.357,0.675,0.299,0.48,0.82,0.333,0.643,7.9,3.0,4.9,5,9,0.577,low
cand_0729,arch_013,Full Stack Developer,0.286,0.702,0.35,0.611,0.621,0.0,0.714,5.6,3.0,2.6,4,10,0.625,low
cand_0730,arch_013,Frontend Developer,0.091,0.744,0.602,0.625,0.763,0.0,0.909,6.5,2.0,4.5,1,10,0.625,low
cand_0731,arch_013,Frontend Developer,0.182,0.682,0.655,0.498,0.849,0.0,0.818,6.5,2.0,4.5,2,9,0.577,low
cand_0732,arch_013,Frontend Developer,0.091,0.774,0.652,0.53,0.791,0.0,0.909,6.6,2.0,4.6,1,10,0.625,low
cand_0733,arch_013,Backend Developer,0.385,0.723,0.282,0.609,0.749,0.333,0.615,6.5,3.0,3.5,5,8,0.5,moderate
cand_0734,arch_013,Backend Developer,0.385,0.641,0.346,0.54,0.723,0.333,0.615,7.0,3.0,4.0,5,8,0.5,moderate
cand_0735,arch_013,Backend Developer,0.385,0.67,0.283,0.585,0.628,0.333,0.615,7.0,3.0,4.0,5,8,0.5,moderate
cand_0736,arch_013,Data Analyst,0.222,0.677,0.687,0.855,0.748,0.0,0.778,6.5,2.0,4.5,2,7,0.452,low
cand_0737,arch_013,Data Analyst,0.333,0.735,0.668,0.806,0.808,0.0,0.667,7.0,2.0,5.0,3,6,0.404,low
cand_0738,arch_013,Data Analyst,0.222,0.662,0.652,0.883,0.715,0.0,0.778,5.9,2.0,3.9,2,7,0.452,low
cand_0739,arch_013,Data Scientist,0.333,0.797,0.351,0.553,0.741,0.0,0.667,6.5,4.0,2.5,4,8,0.471,low
cand_0740,arch_013,Data Scientist,0.417,0.773,0.326,0.576,0.812,0.0,0.583,7.9,4.0,3.9,5,7,0.423,moderate
cand_0741,arch_013,Data Scientist,0.333,0.929,0.344,0.497,0.783,0.0,0.667,5.8,4.0,1.8,4,8,0.471,low
cand_0742,arch_013,Machine Learning Engineer,0.267,0.866,0.335,0.601,0.718,0.0,0.733,6.5,4.0,2.5,4,11,0.615,low
cand_0743,arch_013,Machine Learning Engineer,0.333,0.797,0.322,0.618,0.843,0.25,0.667,7.3,4.0,3.3,5,10,0.567,low
cand_0744,arch_013,Machine Learning Engineer,0.267,0.791,0.242,0.554,0.791,0.0,0.733,5.7,4.0,1.7,4,11,0.615,low
cand_0745,arch_013,AI Engineer,0.308,0.879,0.339,0.567,0.718,0.0,0.692,6.5,3.5,3.0,4,9,0.519,low
cand_0746,arch_013,AI Engineer,0.308,0.91,0.304,0.59,0.709,0.0,0.692,7.8,3.5,4.3,4,9,0.519,low
cand_0747,arch_013,AI Engineer,0.308,0.856,0.24,0.62,0.768,0.0,0.692,7.5,3.5,4.0,4,9,0.519,low
cand_0748,arch_013,MLOps Engineer,0.333,0.839,0.29,0.61,0.77,0.0,0.667,6.5,4.5,2.0,5,10,0.567,low
cand_0749,arch_013,MLOps Engineer,0.333,0.896,0.286,0.564,0.774,0.0,0.667,6.9,4.5,2.4,5,10,0.567,low
cand_0750,arch_013,MLOps Engineer,0.333,0.786,0.256,0.546,0.723,0.0,0.667,7.8,4.5,3.3,5,10,0.567,low
cand_0751,arch_013,Data Engineer,0.571,0.777,0.274,0.88,0.741,0.0,0.429,6.5,3.5,3.0,8,6,0.288,moderate
cand_0752,arch_013,Data Engineer,0.571,0.732,0.254,0.741,0.765,0.0,0.429,6.4,3.5,2.9,8,6,0.288,moderate
cand_0753,arch_013,Data Engineer,0.571,0.698,0.259,0.844,0.725,0.0,0.429,7.6,3.5,4.1,8,6,0.288,moderate
cand_0754,arch_013,DevOps Engineer,0.357,0.907,0.291,0.529,0.728,0.0,0.643,6.5,3.5,3.0,5,9,0.519,moderate
cand_0755,arch_013,DevOps Engineer,0.429,0.836,0.334,0.547,0.82,0.333,0.571,7.4,3.5,3.9,6,8,0.471,moderate
cand_0756,arch_013,DevOps Engineer,0.286,0.862,0.333,0.534,0.63,0.0,0.714,7.2,3.5,3.7,4,10,0.596,low
cand_0757,arch_013,Cloud Engineer,0.357,0.908,0.254,0.507,0.778,0.0,0.643,6.5,3.0,3.5,5,9,0.519,moderate
cand_0758,arch_013,Cloud Engineer,0.429,0.804,0.288,0.524,0.838,0.333,0.571,7.9,3.0,4.9,6,8,0.471,moderate
cand_0759,arch_013,Cloud Engineer,0.357,0.796,0.356,0.471,0.709,0.0,0.643,7.6,3.0,4.6,5,9,0.519,moderate
cand_0760,arch_013,Platform Engineer,0.286,0.793,0.351,0.54,0.706,0.0,0.714,6.5,4.5,2.0,4,10,0.625,low
cand_0761,arch_013,Platform Engineer,0.286,0.867,0.327,0.619,0.74,0.0,0.714,6.4,4.5,1.9,4,10,0.625,low
cand_0762,arch_013,Platform Engineer,0.214,0.921,0.338,0.572,0.661,0.0,0.786,7.5,4.5,3.0,3,11,0.673,low
cand_0763,arch_013,Site Reliability Engineer (SRE),0.286,0.802,0.319,0.599,0.729,0.0,0.714,6.5,4.0,2.5,4,10,0.596,low
cand_0764,arch_013,Site Reliability Engineer (SRE),0.357,0.868,0.321,0.528,0.849,0.333,0.643,6.1,4.0,2.1,5,9,0.548,moderate
cand_0765,arch_013,Site Reliability Engineer (SRE),0.214,0.895,0.282,0.533,0.675,0.0,0.786,8.4,4.0,4.4,3,11,0.644,low
cand_0766,arch_013,Cybersecurity Analyst,0.273,0.723,0.328,0.481,0.709,0.0,0.727,6.5,2.5,4.0,3,8,0.471,low
cand_0767,arch_013,Cybersecurity Analyst,0.364,0.729,0.31,0.526,0.865,0.0,0.636,6.6,2.5,4.1,4,7,0.423,moderate
cand_0768,arch_013,Cybersecurity Analyst,0.273,0.713,0.288,0.471,0.718,0.0,0.727,6.2,2.5,3.7,3,8,0.471,low
cand_0769,arch_013,Cloud Security Engineer,0.308,0.721,0.307,0.551,0.734,0.0,0.692,6.5,4.0,2.5,4,9,0.519,low
cand_0770,arch_013,Cloud Security Engineer,0.308,0.78,0.338,0.562,0.769,0.0,0.692,6.2,4.0,2.2,4,9,0.519,low
cand_0771,arch_013,Cloud Security Engineer,0.308,0.763,0.331,0.624,0.746,0.0,0.692,8.4,4.0,4.4,4,9,0.519,low
cand_0772,arch_013,QA Automation Engineer,0.333,0.714,0.66,0.474,0.712,0.0,0.667,6.5,2.5,4.0,4,8,0.471,low
cand_0773,arch_013,QA Automation Engineer,0.417,0.766,0.616,0.582,0.863,0.0,0.583,6.1,2.5,3.6,5,7,0.423,moderate
cand_0774,arch_013,QA Automation Engineer,0.333,0.726,0.674,0.512,0.729,0.0,0.667,6.7,2.5,4.2,4,8,0.471,low
cand_0775,arch_013,Mobile Developer (React Native / Flutter),0.091,0.704,0.33,0.525,0.755,0.0,0.909,6.5,2.5,4.0,1,10,0.596,low
cand_0776,arch_013,Mobile Developer (React Native / Flutter),0.182,0.697,0.347,0.513,0.878,0.333,0.818,6.4,2.5,3.9,2,9,0.548,low
cand_0777,arch_013,Mobile Developer (React Native / Flutter),0.091,0.72,0.264,0.588,0.787,0.0,0.909,7.5,2.5,5.0,1,10,0.596,low
cand_0778,arch_013,Solutions Architect,0.357,0.673,0.264,0.51,0.762,0.0,0.643,6.5,6.5,0.0,5,9,0.548,low
cand_0779,arch_013,Solutions Architect,0.357,0.659,0.249,0.623,0.749,0.0,0.643,6.3,6.5,-0.2,5,9,0.548,low
cand_0780,arch_013,Solutions Architect,0.357,0.793,0.342,0.529,0.732,0.0,0.643,5.5,6.5,-1.0,5,9,0.548,low
cand_0781,arch_014,Java Backend Developer,0.154,0.784,0.346,0.562,0.394,0.0,0.846,4.5,3.0,1.5,2,11,0.673,low
cand_0782,arch_014,Java Backend Developer,0.231,0.704,0.33,0.491,0.503,0.333,0.769,4.4,3.0,1.4,3,10,0.625,low
cand_0783,arch_014,Java Backend Developer,0.154,0.645,0.282,0.608,0.444,0.0,0.846,4.8,3.0,1.8,2,11,0.673,low
cand_0784,arch_014,Python Developer,0.167,0.713,0.254,0.553,0.398,0.0,0.833,4.5,2.5,2.0,2,10,0.625,low
cand_0785,arch_014,Python Developer,0.25,0.674,0.31,0.522,0.511,0.333,0.75,4.0,2.5,1.5,3,9,0.577,low
cand_0786,arch_014,Python Developer,0.167,0.678,0.297,0.568,0.403,0.0,0.833,4.3,2.5,1.8,2,10,0.625,low
cand_0787,arch_014,Full Stack Developer,0.071,0.72,0.265,0.582,0.404,0.0,0.929,4.5,3.0,1.5,1,13,0.798,low
cand_0788,arch_014,Full Stack Developer,0.143,0.712,0.309,0.627,0.519,0.333,0.857,5.7,3.0,2.7,2,12,0.75,low
cand_0789,arch_014,Full Stack Developer,0.071,0.769,0.307,0.607,0.386,0.0,0.929,5.9,3.0,2.9,1,13,0.798,low
cand_0790,arch_014,Frontend Developer,0.091,0.768,0.679,0.546,0.368,0.0,0.909,4.5,2.0,2.5,1,10,0.625,low
cand_0791,arch_014,Frontend Developer,0.091,0.799,0.692,0.553,0.439,0.0,0.909,4.8,2.0,2.8,1,10,0.625,low
cand_0792,arch_014,Frontend Developer,0.091,0.73,0.658,0.534,0.436,0.0,0.909,5.9,2.0,3.9,1,10,0.625,low
cand_0793,arch_014,Backend Developer,0.0,0.65,0.338,0.546,0.43,0.0,1.0,4.5,3.0,1.5,0,13,0.798,low
cand_0794,arch_014,Backend Developer,0.077,0.682,0.283,0.559,0.531,0.333,0.923,4.9,3.0,1.9,1,12,0.75,low
cand_0795,arch_014,Backend Developer,0.0,0.696,0.322,0.567,0.424,0.0,1.0,4.5,3.0,1.5,0,13,0.798,low
cand_0796,arch_014,Data Analyst,0.0,0.744,0.655,0.627,0.395,0.0,1.0,4.5,2.0,2.5,0,9,0.577,low
cand_0797,arch_014,Data Analyst,0.111,0.764,0.644,0.483,0.511,0.5,0.889,4.7,2.0,2.7,1,8,0.529,low
cand_0798,arch_014,Data Analyst,0.0,0.779,0.667,0.619,0.409,0.0,1.0,4.9,2.0,2.9,0,9,0.577,low
cand_0799,arch_014,Data Scientist,0.083,0.868,0.289,0.615,0.375,0.0,0.917,4.5,4.0,0.5,1,11,0.673,low
cand_0800,arch_014,Data Scientist,0.167,0.821,0.275,0.513,0.514,0.0,0.833,4.7,4.0,0.7,2,10,0.625,low
cand_0801,arch_014,Data Scientist,0.083,0.908,0.284,0.564,0.463,0.0,0.917,4.3,4.0,0.3,1,11,0.673,low
cand_0802,arch_014,Machine Learning Engineer,0.133,0.836,0.262,0.474,0.439,0.0,0.867,4.5,4.0,0.5,2,13,0.798,low
cand_0803,arch_014,Machine Learning Engineer,0.2,0.804,0.288,0.485,0.544,0.0,0.8,5.3,4.0,1.3,3,12,0.75,low
cand_0804,arch_014,Machine Learning Engineer,0.067,0.854,0.36,0.487,0.345,0.0,0.933,4.9,4.0,0.9,1,14,0.846,low
cand_0805,arch_014,AI Engineer,0.077,0.783,0.352,0.532,0.39,0.0,0.923,4.5,3.5,1.0,1,12,0.721,low
cand_0806,arch_014,AI Engineer,0.154,0.87,0.256,0.604,0.453,0.25,0.846,5.5,3.5,2.0,2,11,0.673,low
cand_0807,arch_014,AI Engineer,0.077,0.822,0.297,0.626,0.421,0.0,0.923,5.5,3.5,2.0,1,12,0.721,low
cand_0808,arch_014,MLOps Engineer,0.133,0.814,0.293,0.895,0.436,0.0,0.867,4.5,4.5,0.0,2,13,0.74,low
cand_0809,arch_014,MLOps Engineer,0.2,0.871,0.316,0.83,0.502,0.0,0.8,4.4,4.5,-0.1,3,12,0.692,low
cand_0810,arch_014,MLOps Engineer,0.133,0.826,0.305,0.869,0.411,0.0,0.867,5.4,4.5,0.9,2,13,0.74,low
cand_0811,arch_014,Data Engineer,0.143,0.699,0.271,0.519,0.367,0.0,0.857,4.5,3.5,1.0,2,12,0.721,low
cand_0812,arch_014,Data Engineer,0.143,0.695,0.296,0.471,0.459,0.0,0.857,5.6,3.5,2.1,2,12,0.721,low
cand_0813,arch_014,Data Engineer,0.143,0.641,0.292,0.517,0.39,0.0,0.857,6.3,3.5,2.8,2,12,0.721,low
cand_0814,arch_014,DevOps Engineer,0.214,0.771,0.285,0.806,0.423,0.0,0.786,4.5,3.5,1.0,3,11,0.644,low
cand_0815,arch_014,DevOps Engineer,0.286,0.884,0.318,0.873,0.472,0.0,0.714,4.8,3.5,1.3,4,10,0.596,low
cand_0816,arch_014,DevOps Engineer,0.214,0.853,0.336,0.838,0.436,0.0,0.786,3.7,3.5,0.2,3,11,0.644,low
cand_0817,arch_014,Cloud Engineer,0.143,0.813,0.318,0.825,0.394,0.0,0.857,4.5,3.0,1.5,2,12,0.692,low
cand_0818,arch_014,Cloud Engineer,0.214,0.799,0.275,0.842,0.512,0.333,0.786,4.4,3.0,1.4,3,11,0.644,low
cand_0819,arch_014,Cloud Engineer,0.143,0.8,0.242,0.748,0.42,0.0,0.857,4.3,3.0,1.3,2,12,0.692,low
cand_0820,arch_014,Platform Engineer,0.143,0.8,0.252,0.783,0.438,0.0,0.857,4.5,4.5,0.0,2,12,0.721,low
cand_0821,arch_014,Platform Engineer,0.214,0.784,0.242,0.775,0.492,0.0,0.786,5.5,4.5,1.0,3,11,0.673,low
cand_0822,arch_014,Platform Engineer,0.143,0.829,0.324,0.745,0.375,0.0,0.857,5.9,4.5,1.4,2,12,0.721,low
cand_0823,arch_014,Site Reliability Engineer (SRE),0.143,0.89,0.258,0.783,0.406,0.0,0.857,4.5,4.0,0.5,2,12,0.721,low
cand_0824,arch_014,Site Reliability Engineer (SRE),0.143,0.801,0.341,0.871,0.449,0.0,0.857,5.1,4.0,1.1,2,12,0.721,low
cand_0825,arch_014,Site Reliability Engineer (SRE),0.143,0.81,0.333,0.811,0.44,0.0,0.857,3.9,4.0,-0.1,2,12,0.721,low
cand_0826,arch_014,Cybersecurity Analyst,0.364,0.645,0.295,0.593,0.419,0.0,0.636,4.5,2.5,2.0,4,7,0.394,moderate
cand_0827,arch_014,Cybersecurity Analyst,0.455,0.702,0.355,0.62,0.466,0.0,0.545,6.0,2.5,3.5,5,6,0.346,moderate
cand_0828,arch_014,Cybersecurity Analyst,0.364,0.728,0.255,0.547,0.397,0.0,0.636,5.7,2.5,3.2,4,7,0.394,moderate
cand_0829,arch_014,Cloud Security Engineer,0.231,0.698,0.246,0.577,0.464,0.0,0.769,4.5,4.0,0.5,3,10,0.567,low
cand_0830,arch_014,Cloud Security Engineer,0.308,0.692,0.26,0.514,0.462,0.333,0.692,4.5,4.0,0.5,4,9,0.519,low
cand_0831,arch_014,Cloud Security Engineer,0.154,0.733,0.323,0.58,0.299,0.0,0.846,5.9,4.0,1.9,2,11,0.615,low
cand_0832,arch_014,QA Automation Engineer,0.167,0.763,0.62,0.55,0.435,0.0,0.833,4.5,2.5,2.0,2,10,0.596,low
cand_0833,arch_014,QA Automation Engineer,0.167,0.74,0.597,0.573,0.437,0.0,0.833,4.7,2.5,2.2,2,10,0.596,low
cand_0834,arch_014,QA Automation Engineer,0.167,0.691,0.657,0.573,0.318,0.0,0.833,5.9,2.5,3.4,2,10,0.596,low
cand_0835,arch_014,Mobile Developer (React Native / Flutter),0.091,0.783,0.328,0.473,0.404,0.0,0.909,4.5,2.5,2.0,1,10,0.596,low
cand_0836,arch_014,Mobile Developer (React Native / Flutter),0.182,0.784,0.298,0.54,0.479,0.333,0.818,5.4,2.5,2.9,2,9,0.548,low
cand_0837,arch_014,Mobile Developer (React Native / Flutter),0.091,0.727,0.279,0.545,0.37,0.0,0.909,5.6,2.5,3.1,1,10,0.596,low
cand_0838,arch_014,Solutions Architect,0.071,0.736,0.343,0.496,0.42,0.0,0.929,4.5,6.5,-2.0,1,13,0.798,low
cand_0839,arch_014,Solutions Architect,0.143,0.727,0.294,0.594,0.501,0.0,0.857,4.9,6.5,-1.6,2,12,0.75,low
cand_0840,arch_014,Solutions Architect,0.071,0.739,0.284,0.569,0.399,0.0,0.929,5.7,6.5,-0.8,1,13,0.798,low
cand_0841,arch_015,Java Backend Developer,0.385,0.65,0.356,0.601,0.469,0.333,0.615,2.5,3.0,-0.5,5,8,0.529,low
cand_0842,arch_015,Java Backend Developer,0.385,0.738,0.279,0.573,0.461,0.333,0.615,3.4,3.0,0.4,5,8,0.529,low
cand_0843,arch_015,Java Backend Developer,0.308,0.669,0.244,0.487,0.386,0.333,0.692,3.1,3.0,0.1,4,9,0.577,low
cand_0844,arch_015,Python Developer,0.417,0.645,0.317,0.532,0.499,0.333,0.583,2.5,2.5,0.0,5,7,0.452,low
cand_0845,arch_015,Python Developer,0.5,0.681,0.284,0.567,0.54,0.333,0.5,3.2,2.5,0.7,6,6,0.404,moderate
cand_0846,arch_015,Python Developer,0.333,0.789,0.34,0.545,0.431,0.0,0.667,4.3,2.5,1.8,4,8,0.5,low
cand_0847,arch_015,Full Stack Developer,0.143,0.698,0.329,0.612,0.532,0.0,0.857,2.5,3.0,-0.5,2,12,0.75,low
cand_0848,arch_015,Full Stack Developer,0.214,0.772,0.272,0.477,0.54,0.333,0.786,3.6,3.0,0.6,3,11,0.702,low
cand_0849,arch_015,Full Stack Developer,0.143,0.794,0.252,0.586,0.503,0.0,0.857,2.4,3.0,-0.6,2,12,0.75,low
cand_0850,arch_015,Frontend Developer,0.091,0.67,0.653,0.51,0.513,0.0,0.909,2.5,2.0,0.5,1,10,0.625,low
cand_0851,arch_015,Frontend Developer,0.182,0.729,0.68,0.593,0.591,0.0,0.818,2.4,2.0,0.4,2,9,0.577,low
cand_0852,arch_015,Frontend Developer,0.091,0.708,0.602,0.597,0.505,0.0,0.909,3.5,2.0,1.5,1,10,0.625,low
cand_0853,arch_015,Backend Developer,0.231,0.721,0.319,0.555,0.51,0.333,0.769,2.5,3.0,-0.5,3,10,0.625,low
cand_0854,arch_015,Backend Developer,0.231,0.728,0.36,0.605,0.491,0.333,0.769,3.9,3.0,0.9,3,10,0.625,low
cand_0855,arch_015,Backend Developer,0.231,0.692,0.269,0.557,0.488,0.333,0.769,3.4,3.0,0.4,3,10,0.625,low
cand_0856,arch_015,Data Analyst,0.111,0.728,0.679,0.528,0.495,0.0,0.889,2.5,2.0,0.5,1,8,0.529,low
cand_0857,arch_015,Data Analyst,0.222,0.756,0.708,0.565,0.585,0.5,0.778,3.9,2.0,1.9,2,7,0.481,low
cand_0858,arch_015,Data Analyst,0.111,0.688,0.617,0.607,0.452,0.0,0.889,4.5,2.0,2.5,1,8,0.529,low
cand_0859,arch_015,Data Scientist,0.25,0.902,0.323,0.514,0.505,0.0,0.75,2.5,4.0,-1.5,3,9,0.548,low
cand_0860,arch_015,Data Scientist,0.333,0.795,0.245,0.527,0.547,0.333,0.667,3.1,4.0,-0.9,4,8,0.5,low
cand_0861,arch_015,Data Scientist,0.25,0.807,0.337,0.485,0.49,0.0,0.75,2.6,4.0,-1.4,3,9,0.548,low
cand_0862,arch_015,Machine Learning Engineer,0.267,0.917,0.328,0.586,0.529,0.0,0.733,2.5,4.0,-1.5,4,11,0.644,low
cand_0863,arch_015,Machine Learning Engineer,0.333,0.865,0.276,0.587,0.591,0.0,0.667,2.3,4.0,-1.7,5,10,0.596,low
cand_0864,arch_015,Machine Learning Engineer,0.2,0.826,0.338,0.537,0.453,0.0,0.8,1.7,4.0,-2.3,3,12,0.721,low
cand_0865,arch_015,AI Engineer,0.231,0.909,0.267,0.574,0.51,0.0,0.769,2.5,3.5,-1.0,3,10,0.596,low
cand_0866,arch_015,AI Engineer,0.308,0.779,0.303,0.521,0.59,0.25,0.692,2.0,3.5,-1.5,4,9,0.548,low
cand_0867,arch_015,AI Engineer,0.231,0.795,0.321,0.63,0.547,0.0,0.769,2.5,3.5,-1.0,3,10,0.596,low
cand_0868,arch_015,MLOps Engineer,0.4,0.89,0.309,0.754,0.493,0.0,0.6,2.5,4.5,-2.0,6,9,0.462,low
cand_0869,arch_015,MLOps Engineer,0.467,0.791,0.25,0.831,0.538,0.25,0.533,3.6,4.5,-0.9,7,8,0.413,moderate
cand_0870,arch_015,MLOps Engineer,0.333,0.84,0.324,0.862,0.415,0.0,0.667,2.7,4.5,-1.8,5,10,0.538,low
cand_0871,arch_015,Data Engineer,0.286,0.672,0.287,0.561,0.506,0.0,0.714,2.5,3.5,-1.0,4,10,0.567,low
cand_0872,arch_015,Data Engineer,0.357,0.679,0.272,0.539,0.602,0.25,0.643,4.0,3.5,0.5,5,9,0.519,low
cand_0873,arch_015,Data Engineer,0.286,0.708,0.282,0.521,0.426,0.0,0.714,3.2,3.5,-0.3,4,10,0.567,low
cand_0874,arch_015,DevOps Engineer,0.429,0.774,0.277,0.898,0.512,0.0,0.571,2.5,3.5,-1.0,6,8,0.413,moderate
cand_0875,arch_015,DevOps Engineer,0.5,0.87,0.293,0.888,0.557,0.0,0.5,4.0,3.5,0.5,7,7,0.365,moderate
cand_0876,arch_015,DevOps Engineer,0.357,0.906,0.253,0.749,0.462,0.0,0.643,3.6,3.5,0.1,5,9,0.49,moderate
cand_0877,arch_015,Cloud Engineer,0.429,0.918,0.344,0.871,0.451,0.0,0.571,2.5,3.0,-0.5,6,8,0.413,moderate
cand_0878,arch_015,Cloud Engineer,0.5,0.819,0.297,0.793,0.607,0.333,0.5,3.4,3.0,0.4,7,7,0.365,moderate
cand_0879,arch_015,Cloud Engineer,0.429,0.89,0.306,0.84,0.549,0.0,0.571,2.1,3.0,-0.9,6,8,0.413,moderate
cand_0880,arch_015,Platform Engineer,0.429,0.881,0.32,0.8,0.541,0.0,0.571,2.5,4.5,-2.0,6,8,0.471,low
cand_0881,arch_015,Platform Engineer,0.5,0.797,0.274,0.866,0.595,0.333,0.5,3.1,4.5,-1.4,7,7,0.423,moderate
cand_0882,arch_015,Platform Engineer,0.429,0.771,0.287,0.783,0.535,0.0,0.571,1.7,4.5,-2.8,6,8,0.471,low
cand_0883,arch_015,Site Reliability Engineer (SRE),0.429,0.876,0.344,0.743,0.537,0.0,0.571,2.5,4.0,-1.5,6,8,0.442,moderate
cand_0884,arch_015,Site Reliability Engineer (SRE),0.5,0.927,0.301,0.854,0.624,0.333,0.5,3.3,4.0,-0.7,7,7,0.394,moderate
cand_0885,arch_015,Site Reliability Engineer (SRE),0.429,0.784,0.264,0.895,0.506,0.0,0.571,3.0,4.0,-1.0,6,8,0.442,moderate
cand_0886,arch_015,Cybersecurity Analyst,0.273,0.754,0.245,0.618,0.48,0.0,0.727,2.5,2.5,0.0,3,8,0.471,low
cand_0887,arch_015,Cybersecurity Analyst,0.364,0.665,0.282,0.526,0.596,0.333,0.636,3.0,2.5,0.5,4,7,0.423,low
cand_0888,arch_015,Cybersecurity Analyst,0.273,0.72,0.337,0.57,0.538,0.0,0.727,2.2,2.5,-0.3,3,8,0.471,low
cand_0889,arch_015,Cloud Security Engineer,0.462,0.782,0.338,0.475,0.505,0.0,0.538,2.5,4.0,-1.5,6,7,0.365,low
cand_0890,arch_015,Cloud Security Engineer,0.538,0.695,0.287,0.492,0.606,0.333,0.462,2.6,4.0,-1.4,7,6,0.317,low
cand_0891,arch_015,Cloud Security Engineer,0.462,0.78,0.322,0.537,0.507,0.0,0.538,3.1,4.0,-0.9,6,7,0.365,low
cand_0892,arch_015,QA Automation Engineer,0.417,0.708,0.627,0.567,0.495,0.0,0.583,2.5,2.5,0.0,5,7,0.423,low
cand_0893,arch_015,QA Automation Engineer,0.417,0.662,0.655,0.598,0.536,0.0,0.583,2.3,2.5,-0.2,5,7,0.423,low
cand_0894,arch_015,QA Automation Engineer,0.417,0.724,0.606,0.629,0.548,0.0,0.583,2.4,2.5,-0.1,5,7,0.423,low
cand_0895,arch_015,Mobile Developer (React Native / Flutter),0.091,0.663,0.352,0.617,0.482,0.0,0.909,2.5,2.5,0.0,1,10,0.596,low
cand_0896,arch_015,Mobile Developer (React Native / Flutter),0.182,0.659,0.278,0.611,0.606,0.0,0.818,3.1,2.5,0.6,2,9,0.548,low
cand_0897,arch_015,Mobile Developer (React Native / Flutter),0.091,0.706,0.289,0.541,0.543,0.0,0.909,3.8,2.5,1.3,1,10,0.596,low
cand_0898,arch_015,Solutions Architect,0.286,0.783,0.352,0.514,0.528,0.0,0.714,2.5,6.5,-4.0,4,10,0.625,low
cand_0899,arch_015,Solutions Architect,0.357,0.644,0.358,0.569,0.594,0.333,0.643,2.2,6.5,-4.3,5,9,0.577,low
cand_0900,arch_015,Solutions Architect,0.286,0.677,0.243,0.483,0.528,0.0,0.714,3.3,6.5,-3.2,4,10,0.625,low
cand_0901,arch_016,Java Backend Developer,0.462,0.661,0.342,0.545,0.765,0.667,0.538,8.0,3.0,5.0,6,7,0.481,moderate
cand_0902,arch_016,Java Backend Developer,0.462,0.719,0.257,0.501,0.703,0.667,0.538,7.9,3.0,4.9,6,7,0.481,moderate
cand_0903,arch_016,Java Backend Developer,0.385,0.792,0.267,0.577,0.637,0.667,0.615,9.3,3.0,6.3,5,8,0.529,moderate
cand_0904,arch_016,Python Developer,0.417,0.673,0.261,0.623,0.744,0.333,0.583,8.0,2.5,5.5,5,7,0.452,moderate
cand_0905,arch_016,Python Developer,0.5,0.692,0.295,0.509,0.824,0.667,0.5,8.7,2.5,6.2,6,6,0.404,moderate
cand_0906,arch_016,Python Developer,0.417,0.701,0.278,0.568,0.774,0.333,0.583,7.1,2.5,4.6,5,7,0.452,moderate
cand_0907,arch_016,Full Stack Developer,0.143,0.735,0.303,0.61,0.779,0.0,0.857,8.0,3.0,5.0,2,12,0.75,low
cand_0908,arch_016,Full Stack Developer,0.214,0.713,0.345,0.61,0.808,0.0,0.786,8.5,3.0,5.5,3,11,0.702,low
cand_0909,arch_016,Full Stack Developer,0.143,0.646,0.286,0.592,0.796,0.0,0.857,8.6,3.0,5.6,2,12,0.75,low
cand_0910,arch_016,Frontend Developer,0.091,0.67,0.643,0.612,0.777,0.0,0.909,8.0,2.0,6.0,1,10,0.625,low
cand_0911,arch_016,Frontend Developer,0.091,0.708,0.664,0.479,0.752,0.0,0.909,8.1,2.0,6.1,1,10,0.625,low
cand_0912,arch_016,Frontend Developer,0.091,0.712,0.677,0.488,0.778,0.0,0.909,7.4,2.0,5.4,1,10,0.625,low
cand_0913,arch_016,Backend Developer,0.385,0.79,0.324,0.492,0.741,0.667,0.615,8.0,3.0,5.0,5,8,0.5,moderate
cand_0914,arch_016,Backend Developer,0.385,0.713,0.348,0.613,0.788,0.667,0.615,8.4,3.0,5.4,5,8,0.5,moderate
cand_0915,arch_016,Backend Developer,0.385,0.744,0.325,0.496,0.773,0.667,0.615,7.3,3.0,4.3,5,8,0.5,moderate
cand_0916,arch_016,Data Analyst,0.111,0.655,0.675,0.571,0.709,0.0,0.889,8.0,2.0,6.0,1,8,0.529,low
cand_0917,arch_016,Data Analyst,0.222,0.701,0.636,0.593,0.875,0.0,0.778,8.9,2.0,6.9,2,7,0.481,low
cand_0918,arch_016,Data Analyst,0.111,0.664,0.694,0.499,0.771,0.0,0.889,8.7,2.0,6.7,1,8,0.529,low
cand_0919,arch_016,Data Scientist,0.25,0.837,0.277,0.593,0.745,0.0,0.75,8.0,4.0,4.0,3,9,0.548,low
cand_0920,arch_016,Data Scientist,0.25,0.914,0.355,0.471,0.777,0.0,0.75,8.8,4.0,4.8,3,9,0.548,low
cand_0921,arch_016,Data Scientist,0.25,0.85,0.337,0.567,0.749,0.0,0.75,7.0,4.0,3.0,3,9,0.548,low
cand_0922,arch_016,Machine Learning Engineer,0.333,0.805,0.319,0.543,0.744,0.0,0.667,8.0,4.0,4.0,5,10,0.596,low
cand_0923,arch_016,Machine Learning Engineer,0.333,0.809,0.306,0.569,0.756,0.0,0.667,8.7,4.0,4.7,5,10,0.596,low
cand_0924,arch_016,Machine Learning Engineer,0.333,0.779,0.282,0.493,0.62,0.0,0.667,9.5,4.0,5.5,5,10,0.596,low
cand_0925,arch_016,AI Engineer,0.231,0.862,0.312,0.523,0.709,0.0,0.769,8.0,3.5,4.5,3,10,0.596,low
cand_0926,arch_016,AI Engineer,0.231,0.796,0.274,0.576,0.77,0.0,0.769,7.7,3.5,4.2,3,10,0.596,low
cand_0927,arch_016,AI Engineer,0.231,0.925,0.33,0.528,0.704,0.0,0.769,8.7,3.5,5.2,3,10,0.596,low
cand_0928,arch_016,MLOps Engineer,0.533,0.893,0.279,0.884,0.782,0.0,0.467,8.0,4.5,3.5,8,7,0.337,moderate
cand_0929,arch_016,MLOps Engineer,0.6,0.78,0.296,0.76,0.869,0.25,0.4,9.0,4.5,4.5,9,6,0.288,moderate
cand_0930,arch_016,MLOps Engineer,0.533,0.804,0.265,0.749,0.757,0.0,0.467,8.0,4.5,3.5,8,7,0.337,moderate
cand_0931,arch_016,Data Engineer,0.286,0.797,0.303,0.484,0.772,0.0,0.714,8.0,3.5,4.5,4,10,0.567,low
cand_0932,arch_016,Data Engineer,0.357,0.708,0.342,0.512,0.841,0.25,0.643,8.7,3.5,5.2,5,9,0.519,moderate
cand_0933,arch_016,Data Engineer,0.286,0.738,0.3,0.587,0.75,0.0,0.714,8.9,3.5,5.4,4,10,0.567,low
cand_0934,arch_016,DevOps Engineer,0.643,0.899,0.346,0.777,0.729,0.0,0.357,8.0,3.5,4.5,9,5,0.24,moderate
cand_0935,arch_016,DevOps Engineer,0.643,0.774,0.315,0.759,0.785,0.0,0.357,7.9,3.5,4.4,9,5,0.24,moderate
cand_0936,arch_016,DevOps Engineer,0.643,0.836,0.28,0.83,0.764,0.0,0.357,9.4,3.5,5.9,9,5,0.24,moderate
cand_0937,arch_016,Cloud Engineer,0.571,0.772,0.264,0.785,0.779,0.333,0.429,8.0,3.0,5.0,8,6,0.317,moderate
cand_0938,arch_016,Cloud Engineer,0.571,0.893,0.254,0.793,0.74,0.333,0.429,8.1,3.0,5.1,8,6,0.317,moderate
cand_0939,arch_016,Cloud Engineer,0.571,0.903,0.263,0.873,0.792,0.333,0.429,8.7,3.0,5.7,8,6,0.317,moderate
cand_0940,arch_016,Platform Engineer,0.643,0.847,0.297,0.746,0.714,0.0,0.357,8.0,4.5,3.5,9,5,0.269,moderate
cand_0941,arch_016,Platform Engineer,0.643,0.913,0.304,0.794,0.778,0.0,0.357,7.8,4.5,3.3,9,5,0.269,moderate
cand_0942,arch_016,Platform Engineer,0.643,0.904,0.276,0.856,0.732,0.0,0.357,8.2,4.5,3.7,9,5,0.269,moderate
cand_0943,arch_016,Site Reliability Engineer (SRE),0.571,0.856,0.265,0.85,0.78,0.0,0.429,8.0,4.0,4.0,8,6,0.288,moderate
cand_0944,arch_016,Site Reliability Engineer (SRE),0.571,0.781,0.258,0.875,0.734,0.0,0.429,9.3,4.0,5.3,8,6,0.288,moderate
cand_0945,arch_016,Site Reliability Engineer (SRE),0.571,0.797,0.313,0.77,0.712,0.0,0.429,8.1,4.0,4.1,8,6,0.288,moderate
cand_0946,arch_016,Cybersecurity Analyst,0.273,0.765,0.277,0.607,0.771,0.0,0.727,8.0,2.5,5.5,3,8,0.471,low
cand_0947,arch_016,Cybersecurity Analyst,0.273,0.72,0.269,0.542,0.795,0.0,0.727,8.0,2.5,5.5,3,8,0.471,low
cand_0948,arch_016,Cybersecurity Analyst,0.273,0.658,0.334,0.594,0.791,0.0,0.727,7.6,2.5,5.1,3,8,0.471,low
cand_0949,arch_016,Cloud Security Engineer,0.615,0.711,0.243,0.547,0.75,0.0,0.385,8.0,4.0,4.0,8,5,0.269,moderate
cand_0950,arch_016,Cloud Security Engineer,0.615,0.757,0.303,0.594,0.714,0.0,0.385,7.9,4.0,3.9,8,5,0.269,moderate
cand_0951,arch_016,Cloud Security Engineer,0.615,0.79,0.321,0.491,0.772,0.0,0.385,9.6,4.0,5.6,8,5,0.269,moderate
cand_0952,arch_016,QA Automation Engineer,0.417,0.713,0.676,0.554,0.7,0.0,0.583,8.0,2.5,5.5,5,7,0.423,moderate
cand_0953,arch_016,QA Automation Engineer,0.417,0.776,0.695,0.523,0.789,0.0,0.583,9.4,2.5,6.9,5,7,0.423,moderate
cand_0954,arch_016,QA Automation Engineer,0.417,0.759,0.593,0.591,0.764,0.0,0.583,7.3,2.5,4.8,5,7,0.423,moderate
cand_0955,arch_016,Mobile Developer (React Native / Flutter),0.091,0.674,0.264,0.516,0.753,0.0,0.909,8.0,2.5,5.5,1,10,0.596,low
cand_0956,arch_016,Mobile Developer (React Native / Flutter),0.182,0.659,0.258,0.514,0.785,0.0,0.818,9.0,2.5,6.5,2,9,0.548,low
cand_0957,arch_016,Mobile Developer (React Native / Flutter),0.091,0.673,0.282,0.521,0.714,0.0,0.909,8.9,2.5,6.4,1,10,0.596,low
cand_0958,arch_016,Solutions Architect,0.429,0.753,0.274,0.509,0.707,0.0,0.571,8.0,6.5,1.5,6,8,0.5,moderate
cand_0959,arch_016,Solutions Architect,0.5,0.726,0.246,0.475,0.874,0.0,0.5,8.7,6.5,2.2,7,7,0.452,moderate
cand_0960,arch_016,Solutions Architect,0.429,0.654,0.287,0.583,0.789,0.0,0.571,7.2,6.5,0.7,6,8,0.5,low
cand_0961,arch_017,Java Backend Developer,0.077,0.741,0.323,0.541,0.402,0.0,0.923,2.0,3.0,-1.0,1,12,0.721,low
cand_0962,arch_017,Java Backend Developer,0.154,0.754,0.321,0.555,0.547,0.333,0.846,2.2,3.0,-0.8,2,11,0.673,low
cand_0963,arch_017,Java Backend Developer,0.077,0.661,0.338,0.617,0.413,0.0,0.923,3.3,3.0,0.3,1,12,0.721,low
cand_0964,arch_017,Python Developer,0.083,0.713,0.322,0.584,0.413,0.0,0.917,2.0,2.5,-0.5,1,11,0.673,low
cand_0965,arch_017,Python Developer,0.167,0.663,0.347,0.511,0.486,0.0,0.833,2.0,2.5,-0.5,2,10,0.625,low
cand_0966,arch_017,Python Developer,0.083,0.693,0.343,0.522,0.415,0.0,0.917,1.6,2.5,-0.9,1,11,0.673,low
cand_0967,arch_017,Full Stack Developer,0.071,0.65,0.254,0.547,0.451,0.0,0.929,2.0,3.0,-1.0,1,13,0.798,low
cand_0968,arch_017,Full Stack Developer,0.143,0.737,0.255,0.486,0.532,0.333,0.857,2.1,3.0,-0.9,2,12,0.75,low
cand_0969,arch_017,Full Stack Developer,0.071,0.744,0.335,0.555,0.407,0.0,0.929,3.4,3.0,0.4,1,13,0.798,low
cand_0970,arch_017,Frontend Developer,0.091,0.706,0.665,0.558,0.464,0.0,0.909,2.0,2.0,0.0,1,10,0.625,low
cand_0971,arch_017,Frontend Developer,0.182,0.673,0.673,0.539,0.548,0.0,0.818,2.3,2.0,0.3,2,9,0.577,low
cand_0972,arch_017,Frontend Developer,0.091,0.751,0.611,0.577,0.441,0.0,0.909,2.7,2.0,0.7,1,10,0.625,low
cand_0973,arch_017,Backend Developer,0.0,0.754,0.34,0.488,0.426,0.0,1.0,2.0,3.0,-1.0,0,13,0.798,low
cand_0974,arch_017,Backend Developer,0.077,0.772,0.261,0.623,0.457,0.0,0.923,2.2,3.0,-0.8,1,12,0.75,low
cand_0975,arch_017,Backend Developer,0.0,0.763,0.285,0.549,0.433,0.0,1.0,1.3,3.0,-1.7,0,13,0.798,low
cand_0976,arch_017,Data Analyst,0.111,0.654,0.688,0.612,0.457,0.0,0.889,2.0,2.0,0.0,1,8,0.5,low
cand_0977,arch_017,Data Analyst,0.222,0.761,0.669,0.542,0.479,0.5,0.778,2.8,2.0,0.8,2,7,0.452,low
cand_0978,arch_017,Data Analyst,0.111,0.673,0.695,0.518,0.446,0.0,0.889,2.8,2.0,0.8,1,8,0.5,low
cand_0979,arch_017,Data Scientist,0.083,0.879,0.35,0.62,0.438,0.0,0.917,2.0,4.0,-2.0,1,11,0.673,low
cand_0980,arch_017,Data Scientist,0.083,0.863,0.313,0.552,0.451,0.0,0.917,3.3,4.0,-0.7,1,11,0.673,low
cand_0981,arch_017,Data Scientist,0.083,0.925,0.24,0.56,0.381,0.0,0.917,3.6,4.0,-0.4,1,11,0.673,low
cand_0982,arch_017,Machine Learning Engineer,0.067,0.788,0.274,0.475,0.41,0.0,0.933,2.0,4.0,-2.0,1,14,0.846,low
cand_0983,arch_017,Machine Learning Engineer,0.133,0.884,0.289,0.54,0.471,0.0,0.867,2.7,4.0,-1.3,2,13,0.798,low
cand_0984,arch_017,Machine Learning Engineer,0.067,0.832,0.351,0.604,0.299,0.0,0.933,1.5,4.0,-2.5,1,14,0.846,low
cand_0985,arch_017,AI Engineer,0.077,0.93,0.32,0.491,0.374,0.0,0.923,2.0,3.5,-1.5,1,12,0.721,low
cand_0986,arch_017,AI Engineer,0.154,0.875,0.357,0.492,0.464,0.25,0.846,1.5,3.5,-2.0,2,11,0.673,low
cand_0987,arch_017,AI Engineer,0.077,0.913,0.323,0.619,0.429,0.0,0.923,3.4,3.5,-0.1,1,12,0.721,low
cand_0988,arch_017,MLOps Engineer,0.067,0.843,0.291,0.601,0.405,0.0,0.933,2.0,4.5,-2.5,1,14,0.817,low
cand_0989,arch_017,MLOps Engineer,0.133,0.867,0.309,0.605,0.474,0.25,0.867,2.0,4.5,-2.5,2,13,0.769,low
cand_0990,arch_017,MLOps Engineer,0.067,0.857,0.284,0.627,0.423,0.0,0.933,2.5,4.5,-2.0,1,14,0.817,low
cand_0991,arch_017,Data Engineer,0.071,0.753,0.254,0.547,0.436,0.0,0.929,2.0,3.5,-1.5,1,13,0.769,low
cand_0992,arch_017,Data Engineer,0.143,0.714,0.249,0.612,0.459,0.25,0.857,1.8,3.5,-1.7,2,12,0.721,low
cand_0993,arch_017,Data Engineer,0.071,0.794,0.249,0.571,0.446,0.0,0.929,2.4,3.5,-1.1,1,13,0.769,low
cand_0994,arch_017,DevOps Engineer,0.071,0.82,0.246,0.525,0.445,0.0,0.929,2.0,3.5,-1.5,1,13,0.769,low
cand_0995,arch_017,DevOps Engineer,0.143,0.862,0.28,0.526,0.548,0.0,0.857,2.4,3.5,-1.1,2,12,0.721,low
cand_0996,arch_017,DevOps Engineer,0.071,0.89,0.327,0.56,0.289,0.0,0.929,1.9,3.5,-1.6,1,13,0.769,low
cand_0997,arch_017,Cloud Engineer,0.071,0.846,0.26,0.478,0.466,0.0,0.929,2.0,3.0,-1.0,1,13,0.769,low
cand_0998,arch_017,Cloud Engineer,0.143,0.816,0.25,0.551,0.535,0.0,0.857,3.1,3.0,0.1,2,12,0.721,low
cand_0999,arch_017,Cloud Engineer,0.071,0.814,0.271,0.589,0.344,0.0,0.929,1.8,3.0,-1.2,1,13,0.769,low
cand_1000,arch_017,Platform Engineer,0.071,0.916,0.329,0.575,0.404,0.0,0.929,2.0,4.5,-2.5,1,13,0.798,low
cand_1001,arch_017,Platform Engineer,0.143,0.848,0.336,0.608,0.484,0.0,0.857,1.9,4.5,-2.6,2,12,0.75,low
cand_1002,arch_017,Platform Engineer,0.0,0.904,0.33,0.536,0.322,0.0,1.0,1.3,4.5,-3.2,0,14,0.846,low
cand_1003,arch_017,Site Reliability Engineer (SRE),0.071,0.876,0.327,0.497,0.424,0.0,0.929,2.0,4.0,-2.0,1,13,0.798,low
cand_1004,arch_017,Site Reliability Engineer (SRE),0.143,0.873,0.331,0.489,0.467,0.0,0.857,3.2,4.0,-0.8,2,12,0.75,low
cand_1005,arch_017,Site Reliability Engineer (SRE),0.071,0.889,0.33,0.555,0.405,0.0,0.929,2.2,4.0,-1.8,1,13,0.798,low
cand_1006,arch_017,Cybersecurity Analyst,0.182,0.753,0.297,0.493,0.454,0.0,0.818,2.0,2.5,-0.5,2,9,0.519,low
cand_1007,arch_017,Cybersecurity Analyst,0.273,0.712,0.321,0.624,0.518,0.0,0.727,1.5,2.5,-1.0,3,8,0.471,low
cand_1008,arch_017,Cybersecurity Analyst,0.182,0.742,0.355,0.539,0.458,0.0,0.818,1.1,2.5,-1.4,2,9,0.519,low
cand_1009,arch_017,Cloud Security Engineer,0.077,0.777,0.28,0.513,0.376,0.0,0.923,2.0,4.0,-2.0,1,12,0.721,low
cand_1010,arch_017,Cloud Security Engineer,0.154,0.714,0.321,0.509,0.517,0.333,0.846,2.8,4.0,-1.2,2,11,0.673,low
cand_1011,arch_017,Cloud Security Engineer,0.077,0.748,0.359,0.52,0.368,0.0,0.923,3.3,4.0,-0.7,1,12,0.721,low
cand_1012,arch_017,QA Automation Engineer,0.083,0.641,0.598,0.806,0.419,0.0,0.917,2.0,2.5,-0.5,1,11,0.644,low
cand_1013,arch_017,QA Automation Engineer,0.167,0.675,0.624,0.771,0.452,0.333,0.833,2.9,2.5,0.4,2,10,0.596,low
cand_1014,arch_017,QA Automation Engineer,0.083,0.745,0.69,0.892,0.43,0.0,0.917,1.3,2.5,-1.2,1,11,0.644,low
cand_1015,arch_017,Mobile Developer (React Native / Flutter),0.091,0.753,0.254,0.607,0.38,0.0,0.909,2.0,2.5,-0.5,1,10,0.596,low
cand_1016,arch_017,Mobile Developer (React Native / Flutter),0.182,0.731,0.356,0.613,0.52,0.0,0.818,2.8,2.5,0.3,2,9,0.548,low
cand_1017,arch_017,Mobile Developer (React Native / Flutter),0.091,0.79,0.317,0.618,0.394,0.0,0.909,1.8,2.5,-0.7,1,10,0.596,low
cand_1018,arch_017,Solutions Architect,0.0,0.708,0.348,0.593,0.399,0.0,1.0,2.0,6.5,-4.5,0,14,0.846,low
cand_1019,arch_017,Solutions Architect,0.071,0.684,0.247,0.532,0.55,0.0,0.929,1.8,6.5,-4.7,1,13,0.798,low
cand_1020,arch_017,Solutions Architect,0.0,0.668,0.248,0.627,0.387,0.0,1.0,1.8,6.5,-4.7,0,14,0.846,low
cand_1021,arch_018,Java Backend Developer,0.308,0.703,0.317,0.487,0.671,0.0,0.692,4.0,3.0,1.0,4,9,0.519,low
cand_1022,arch_018,Java Backend Developer,0.385,0.786,0.326,0.487,0.707,0.333,0.615,4.4,3.0,1.4,5,8,0.471,low
cand_1023,arch_018,Java Backend Developer,0.308,0.643,0.3,0.574,0.533,0.0,0.692,4.7,3.0,1.7,4,9,0.519,low
cand_1024,arch_018,Python Developer,0.333,0.646,0.287,0.494,0.65,0.0,0.667,4.0,2.5,1.5,4,8,0.442,low
cand_1025,arch_018,Python Developer,0.333,0.722,0.353,0.549,0.66,0.0,0.667,4.3,2.5,1.8,4,8,0.442,low
cand_1026,arch_018,Python Developer,0.333,0.766,0.305,0.471,0.712,0.0,0.667,5.5,2.5,3.0,4,8,0.442,low
cand_1027,arch_018,Full Stack Developer,0.286,0.771,0.298,0.561,0.71,0.0,0.714,4.0,3.0,1.0,4,10,0.567,low
cand_1028,arch_018,Full Stack Developer,0.357,0.704,0.316,0.623,0.709,0.333,0.643,4.2,3.0,1.2,5,9,0.519,low
cand_1029,arch_018,Full Stack Developer,0.286,0.653,0.295,0.593,0.681,0.0,0.714,4.6,3.0,1.6,4,10,0.567,low
cand_1030,arch_018,Frontend Developer,0.364,0.668,0.595,0.531,0.636,0.0,0.636,4.0,2.0,2.0,4,7,0.423,low
cand_1031,arch_018,Frontend Developer,0.455,0.741,0.633,0.484,0.763,0.5,0.545,4.9,2.0,2.9,5,6,0.375,moderate
cand_1032,arch_018,Frontend Developer,0.273,0.644,0.71,0.508,0.572,0.0,0.727,5.2,2.0,3.2,3,8,0.5,low
cand_1033,arch_018,Backend Developer,0.231,0.767,0.317,0.55,0.713,0.0,0.769,4.0,3.0,1.0,3,10,0.567,low
cand_1034,arch_018,Backend Developer,0.308,0.646,0.247,0.596,0.704,0.0,0.692,5.1,3.0,2.1,4,9,0.519,low
cand_1035,arch_018,Backend Developer,0.231,0.747,0.295,0.578,0.704,0.0,0.769,3.4,3.0,0.4,3,10,0.567,low
cand_1036,arch_018,Data Analyst,0.222,0.664,0.66,0.618,0.62,0.0,0.778,4.0,2.0,2.0,2,7,0.452,low
cand_1037,arch_018,Data Analyst,0.333,0.715,0.7,0.477,0.77,0.5,0.667,3.8,2.0,1.8,3,6,0.404,low
cand_1038,arch_018,Data Analyst,0.222,0.785,0.688,0.486,0.594,0.0,0.778,3.4,2.0,1.4,2,7,0.452,low
cand_1039,arch_018,Data Scientist,0.25,0.904,0.248,0.601,0.628,0.0,0.75,4.0,4.0,0.0,3,9,0.519,low
cand_1040,arch_018,Data Scientist,0.333,0.805,0.337,0.538,0.781,0.333,0.667,4.7,4.0,0.7,4,8,0.471,low
cand_1041,arch_018,Data Scientist,0.25,0.822,0.357,0.562,0.63,0.0,0.75,5.9,4.0,1.9,3,9,0.519,low
cand_1042,arch_018,Machine Learning Engineer,0.267,0.904,0.335,0.592,0.676,0.0,0.733,4.0,4.0,0.0,4,11,0.615,low
cand_1043,arch_018,Machine Learning Engineer,0.333,0.814,0.331,0.497,0.737,0.0,0.667,4.2,4.0,0.2,5,10,0.567,low
cand_1044,arch_018,Machine Learning Engineer,0.2,0.791,0.335,0.571,0.571,0.0,0.8,3.5,4.0,-0.5,3,12,0.663,low
cand_1045,arch_018,AI Engineer,0.308,0.795,0.346,0.483,0.617,0.0,0.692,4.0,3.5,0.5,4,9,0.49,low
cand_1046,arch_018,AI Engineer,0.385,0.837,0.337,0.594,0.769,0.25,0.615,5.4,3.5,1.9,5,8,0.442,moderate
cand_1047,arch_018,AI Engineer,0.308,0.854,0.289,0.62,0.678,0.0,0.692,3.6,3.5,0.1,4,9,0.49,low
cand_1048,arch_018,MLOps Engineer,0.333,0.776,0.262,0.55,0.712,0.0,0.667,4.0,4.5,-0.5,5,10,0.567,low
cand_1049,arch_018,MLOps Engineer,0.4,0.826,0.241,0.508,0.712,0.0,0.6,4.8,4.5,0.3,6,9,0.519,low
cand_1050,arch_018,MLOps Engineer,0.267,0.908,0.358,0.551,0.58,0.0,0.733,4.6,4.5,0.1,4,11,0.644,low
cand_1051,arch_018,Data Engineer,0.286,0.74,0.265,0.478,0.628,0.0,0.714,4.0,3.5,0.5,4,10,0.567,low
cand_1052,arch_018,Data Engineer,0.357,0.72,0.259,0.618,0.705,0.0,0.643,3.8,3.5,0.3,5,9,0.519,low
cand_1053,arch_018,Data Engineer,0.286,0.693,0.337,0.591,0.538,0.0,0.714,4.1,3.5,0.6,4,10,0.567,low
cand_1054,arch_018,DevOps Engineer,0.214,0.888,0.351,0.498,0.695,0.0,0.786,4.0,3.5,0.5,3,11,0.644,low
cand_1055,arch_018,DevOps Engineer,0.286,0.781,0.268,0.541,0.758,0.0,0.714,4.5,3.5,1.0,4,10,0.596,low
cand_1056,arch_018,DevOps Engineer,0.214,0.914,0.268,0.488,0.639,0.0,0.786,4.3,3.5,0.8,3,11,0.644,low
cand_1057,arch_018,Cloud Engineer,0.357,0.808,0.29,0.502,0.706,0.0,0.643,4.0,3.0,1.0,5,9,0.519,low
cand_1058,arch_018,Cloud Engineer,0.429,0.779,0.292,0.505,0.761,0.333,0.571,3.6,3.0,0.6,6,8,0.471,low
cand_1059,arch_018,Cloud Engineer,0.357,0.843,0.263,0.527,0.644,0.0,0.643,3.5,3.0,0.5,5,9,0.519,low
cand_1060,arch_018,Platform Engineer,0.214,0.824,0.244,0.561,0.645,0.0,0.786,4.0,4.5,-0.5,3,11,0.673,low
cand_1061,arch_018,Platform Engineer,0.286,0.843,0.261,0.525,0.789,0.0,0.714,3.7,4.5,-0.8,4,10,0.625,low
cand_1062,arch_018,Platform Engineer,0.214,0.872,0.313,0.497,0.714,0.0,0.786,4.8,4.5,0.3,3,11,0.673,low
cand_1063,arch_018,Site Reliability Engineer (SRE),0.214,0.907,0.25,0.607,0.666,0.0,0.786,4.0,4.0,0.0,3,11,0.644,low
cand_1064,arch_018,Site Reliability Engineer (SRE),0.286,0.904,0.274,0.587,0.774,0.0,0.714,5.5,4.0,1.5,4,10,0.596,low
cand_1065,arch_018,Site Reliability Engineer (SRE),0.214,0.863,0.347,0.565,0.632,0.0,0.786,3.7,4.0,-0.3,3,11,0.644,low
cand_1066,arch_018,Cybersecurity Analyst,0.273,0.732,0.241,0.627,0.621,0.0,0.727,4.0,2.5,1.5,3,8,0.471,low
cand_1067,arch_018,Cybersecurity Analyst,0.364,0.721,0.291,0.533,0.781,0.0,0.636,4.4,2.5,1.9,4,7,0.423,moderate
cand_1068,arch_018,Cybersecurity Analyst,0.273,0.678,0.307,0.472,0.607,0.0,0.727,5.1,2.5,2.6,3,8,0.471,low
cand_1069,arch_018,Cloud Security Engineer,0.231,0.792,0.256,0.517,0.681,0.0,0.769,4.0,4.0,0.0,3,10,0.596,low
cand_1070,arch_018,Cloud Security Engineer,0.308,0.747,0.259,0.543,0.757,0.0,0.692,3.7,4.0,-0.3,4,9,0.548,low
cand_1071,arch_018,Cloud Security Engineer,0.231,0.714,0.257,0.583,0.635,0.0,0.769,4.8,4.0,0.8,3,10,0.596,low
cand_1072,arch_018,QA Automation Engineer,0.583,0.779,0.665,0.853,0.617,0.0,0.417,4.0,2.5,1.5,7,5,0.24,moderate
cand_1073,arch_018,QA Automation Engineer,0.583,0.783,0.63,0.745,0.659,0.0,0.417,4.8,2.5,2.3,7,5,0.24,moderate
cand_1074,arch_018,QA Automation Engineer,0.583,0.727,0.685,0.866,0.625,0.0,0.417,3.8,2.5,1.3,7,5,0.24,moderate
cand_1075,arch_018,Mobile Developer (React Native / Flutter),0.273,0.781,0.328,0.479,0.711,0.0,0.727,4.0,2.5,1.5,3,8,0.442,low
cand_1076,arch_018,Mobile Developer (React Native / Flutter),0.364,0.658,0.284,0.569,0.737,0.333,0.636,4.8,2.5,2.3,4,7,0.394,moderate
cand_1077,arch_018,Mobile Developer (React Native / Flutter),0.273,0.651,0.325,0.503,0.715,0.0,0.727,3.5,2.5,1.0,3,8,0.442,low
cand_1078,arch_018,Solutions Architect,0.214,0.678,0.254,0.547,0.711,0.0,0.786,4.0,6.5,-2.5,3,11,0.644,low
cand_1079,arch_018,Solutions Architect,0.214,0.761,0.331,0.521,0.706,0.0,0.786,4.7,6.5,-1.8,3,11,0.644,low
cand_1080,arch_018,Solutions Architect,0.214,0.649,0.285,0.542,0.667,0.0,0.786,4.5,6.5,-2.0,3,11,0.644,low
cand_1081,arch_019,Java Backend Developer,0.154,0.773,0.296,0.555,0.366,0.0,0.846,1.5,3.0,-1.5,2,11,0.644,low
cand_1082,arch_019,Java Backend Developer,0.154,0.739,0.336,0.621,0.364,0.0,0.846,2.8,3.0,-0.2,2,11,0.644,low
cand_1083,arch_019,Java Backend Developer,0.154,0.654,0.287,0.499,0.296,0.0,0.846,3.3,3.0,0.3,2,11,0.644,low
cand_1084,arch_019,Python Developer,0.167,0.652,0.26,0.488,0.298,0.0,0.833,1.5,2.5,-1.0,2,10,0.596,low
cand_1085,arch_019,Python Developer,0.25,0.723,0.315,0.517,0.464,0.0,0.75,1.3,2.5,-1.2,3,9,0.548,low
cand_1086,arch_019,Python Developer,0.083,0.707,0.329,0.473,0.219,0.0,0.917,2.1,2.5,-0.4,1,11,0.644,low
cand_1087,arch_019,Full Stack Developer,0.071,0.644,0.336,0.604,0.335,0.0,0.929,1.5,3.0,-1.5,1,13,0.769,low
cand_1088,arch_019,Full Stack Developer,0.143,0.745,0.334,0.548,0.433,0.333,0.857,1.7,3.0,-1.3,2,12,0.721,low
cand_1089,arch_019,Full Stack Developer,0.071,0.713,0.308,0.614,0.314,0.0,0.929,2.1,3.0,-0.9,1,13,0.769,low
cand_1090,arch_019,Frontend Developer,0.0,0.766,0.617,0.53,0.312,0.0,1.0,1.5,2.0,-0.5,0,11,0.673,low
cand_1091,arch_019,Frontend Developer,0.091,0.696,0.645,0.497,0.459,0.0,0.909,2.7,2.0,0.7,1,10,0.625,low
cand_1092,arch_019,Frontend Developer,0.0,0.774,0.673,0.577,0.215,0.0,1.0,2.6,2.0,0.6,0,11,0.673,low
cand_1093,arch_019,Backend Developer,0.077,0.678,0.245,0.521,0.296,0.0,0.923,1.5,3.0,-1.5,1,12,0.721,low
cand_1094,arch_019,Backend Developer,0.154,0.673,0.325,0.576,0.464,0.0,0.846,1.5,3.0,-1.5,2,11,0.673,low
cand_1095,arch_019,Backend Developer,0.077,0.796,0.304,0.489,0.286,0.0,0.923,0.9,3.0,-2.1,1,12,0.721,low
cand_1096,arch_019,Data Analyst,0.111,0.789,0.682,0.622,0.376,0.0,0.889,1.5,2.0,-0.5,1,8,0.5,low
cand_1097,arch_019,Data Analyst,0.222,0.744,0.625,0.613,0.464,0.0,0.778,1.3,2.0,-0.7,2,7,0.452,low
cand_1098,arch_019,Data Analyst,0.111,0.747,0.686,0.587,0.376,0.0,0.889,2.8,2.0,0.8,1,8,0.5,low
cand_1099,arch_019,Data Scientist,0.083,0.824,0.253,0.547,0.287,0.0,0.917,1.5,4.0,-2.5,1,11,0.644,low
cand_1100,arch_019,Data Scientist,0.167,0.819,0.288,0.605,0.411,0.0,0.833,2.4,4.0,-1.6,2,10,0.596,low
cand_1101,arch_019,Data Scientist,0.083,0.863,0.267,0.62,0.228,0.0,0.917,0.8,4.0,-3.2,1,11,0.644,low
cand_1102,arch_019,Machine Learning Engineer,0.133,0.774,0.305,0.541,0.35,0.0,0.867,1.5,4.0,-2.5,2,13,0.769,low
cand_1103,arch_019,Machine Learning Engineer,0.2,0.833,0.299,0.567,0.418,0.0,0.8,1.2,4.0,-2.8,3,12,0.721,low
cand_1104,arch_019,Machine Learning Engineer,0.133,0.834,0.326,0.538,0.322,0.0,0.867,0.7,4.0,-3.3,2,13,0.769,low
cand_1105,arch_019,AI Engineer,0.077,0.772,0.281,0.519,0.328,0.0,0.923,1.5,3.5,-2.0,1,12,0.692,low
cand_1106,arch_019,AI Engineer,0.154,0.886,0.293,0.629,0.447,0.25,0.846,2.1,3.5,-1.4,2,11,0.644,low
cand_1107,arch_019,AI Engineer,0.077,0.925,0.291,0.613,0.297,0.0,0.923,1.4,3.5,-2.1,1,12,0.692,low
cand_1108,arch_019,MLOps Engineer,0.133,0.864,0.25,0.503,0.331,0.0,0.867,1.5,4.5,-3.0,2,13,0.769,low
cand_1109,arch_019,MLOps Engineer,0.2,0.781,0.355,0.591,0.376,0.25,0.8,2.7,4.5,-1.8,3,12,0.721,low
cand_1110,arch_019,MLOps Engineer,0.133,0.836,0.307,0.584,0.359,0.0,0.867,1.7,4.5,-2.8,2,13,0.769,low
cand_1111,arch_019,Data Engineer,0.143,0.662,0.262,0.531,0.339,0.0,0.857,1.5,3.5,-2.0,2,12,0.721,low
cand_1112,arch_019,Data Engineer,0.214,0.774,0.276,0.559,0.413,0.25,0.786,1.1,3.5,-2.4,3,11,0.673,low
cand_1113,arch_019,Data Engineer,0.071,0.688,0.317,0.572,0.212,0.0,0.929,0.6,3.5,-2.9,1,13,0.769,low
cand_1114,arch_019,DevOps Engineer,0.071,0.877,0.275,0.499,0.374,0.0,0.929,1.5,3.5,-2.0,1,13,0.769,low
cand_1115,arch_019,DevOps Engineer,0.143,0.789,0.273,0.629,0.373,0.333,0.857,2.3,3.5,-1.2,2,12,0.721,low
cand_1116,arch_019,DevOps Engineer,0.071,0.86,0.344,0.57,0.331,0.0,0.929,2.7,3.5,-0.8,1,13,0.769,low
cand_1117,arch_019,Cloud Engineer,0.143,0.881,0.254,0.552,0.341,0.0,0.857,1.5,3.0,-1.5,2,12,0.721,low
cand_1118,arch_019,Cloud Engineer,0.214,0.863,0.258,0.544,0.436,0.0,0.786,2.7,3.0,-0.3,3,11,0.673,low
cand_1119,arch_019,Cloud Engineer,0.071,0.837,0.349,0.527,0.229,0.0,0.929,1.6,3.0,-1.4,1,13,0.798,low
cand_1120,arch_019,Platform Engineer,0.071,0.855,0.352,0.552,0.36,0.0,0.929,1.5,4.5,-3.0,1,13,0.769,low
cand_1121,arch_019,Platform Engineer,0.143,0.866,0.26,0.522,0.398,0.0,0.857,1.4,4.5,-3.1,2,12,0.721,low
cand_1122,arch_019,Platform Engineer,0.071,0.813,0.324,0.528,0.337,0.0,0.929,3.0,4.5,-1.5,1,13,0.769,low
cand_1123,arch_019,Site Reliability Engineer (SRE),0.071,0.826,0.257,0.492,0.311,0.0,0.929,1.5,4.0,-2.5,1,13,0.769,low
cand_1124,arch_019,Site Reliability Engineer (SRE),0.143,0.824,0.349,0.486,0.382,0.333,0.857,2.6,4.0,-1.4,2,12,0.721,low
cand_1125,arch_019,Site Reliability Engineer (SRE),0.071,0.837,0.35,0.489,0.213,0.0,0.929,1.2,4.0,-2.8,1,13,0.769,low
cand_1126,arch_019,Cybersecurity Analyst,0.364,0.643,0.282,0.851,0.297,0.0,0.636,1.5,2.5,-1.0,4,7,0.365,low
cand_1127,arch_019,Cybersecurity Analyst,0.455,0.724,0.356,0.768,0.397,0.333,0.545,1.9,2.5,-0.6,5,6,0.317,moderate
cand_1128,arch_019,Cybersecurity Analyst,0.273,0.777,0.257,0.776,0.213,0.0,0.727,2.7,2.5,0.2,3,8,0.442,low
cand_1129,arch_019,Cloud Security Engineer,0.154,0.661,0.249,0.851,0.362,0.0,0.846,1.5,4.0,-2.5,2,11,0.615,low
cand_1130,arch_019,Cloud Security Engineer,0.231,0.761,0.245,0.757,0.446,0.0,0.769,1.2,4.0,-2.8,3,10,0.567,low
cand_1131,arch_019,Cloud Security Engineer,0.154,0.785,0.245,0.788,0.201,0.0,0.846,2.0,4.0,-2.0,2,11,0.615,low
cand_1132,arch_019,QA Automation Engineer,0.167,0.655,0.605,0.566,0.342,0.0,0.833,1.5,2.5,-1.0,2,10,0.625,low
cand_1133,arch_019,QA Automation Engineer,0.25,0.696,0.601,0.605,0.461,0.0,0.75,1.4,2.5,-1.1,3,9,0.577,low
cand_1134,arch_019,QA Automation Engineer,0.167,0.666,0.65,0.587,0.308,0.0,0.833,3.3,2.5,0.8,2,10,0.625,low
cand_1135,arch_019,Mobile Developer (React Native / Flutter),0.0,0.731,0.252,0.563,0.285,0.0,1.0,1.5,2.5,-1.0,0,11,0.673,low
cand_1136,arch_019,Mobile Developer (React Native / Flutter),0.091,0.794,0.261,0.591,0.367,0.0,0.909,1.4,2.5,-1.1,1,10,0.625,low
cand_1137,arch_019,Mobile Developer (React Native / Flutter),0.0,0.787,0.342,0.546,0.353,0.0,1.0,2.7,2.5,0.2,0,11,0.673,low
cand_1138,arch_019,Solutions Architect,0.143,0.67,0.321,0.487,0.367,0.0,0.857,1.5,6.5,-5.0,2,12,0.721,low
cand_1139,arch_019,Solutions Architect,0.143,0.674,0.267,0.488,0.382,0.0,0.857,3.0,6.5,-3.5,2,12,0.721,low
cand_1140,arch_019,Solutions Architect,0.143,0.719,0.283,0.516,0.272,0.0,0.857,0.9,6.5,-5.6,2,12,0.721,low
cand_1141,arch_020,Java Backend Developer,0.385,0.653,0.299,0.532,0.579,0.333,0.615,5.0,3.0,2.0,5,8,0.529,low
cand_1142,arch_020,Java Backend Developer,0.385,0.676,0.289,0.628,0.576,0.333,0.615,6.0,3.0,3.0,5,8,0.529,moderate
cand_1143,arch_020,Java Backend Developer,0.385,0.768,0.353,0.529,0.535,0.333,0.615,6.6,3.0,3.6,5,8,0.529,moderate
cand_1144,arch_020,Python Developer,0.333,0.748,0.321,0.533,0.586,0.333,0.667,5.0,2.5,2.5,4,8,0.529,low
cand_1145,arch_020,Python Developer,0.333,0.663,0.288,0.564,0.544,0.333,0.667,5.9,2.5,3.4,4,8,0.529,low
cand_1146,arch_020,Python Developer,0.333,0.65,0.357,0.524,0.593,0.333,0.667,6.8,2.5,4.3,4,8,0.529,low
cand_1147,arch_020,Full Stack Developer,0.143,0.799,0.255,0.604,0.606,0.0,0.857,5.0,3.0,2.0,2,12,0.75,low
cand_1148,arch_020,Full Stack Developer,0.214,0.761,0.336,0.621,0.652,0.333,0.786,5.1,3.0,2.1,3,11,0.702,low
cand_1149,arch_020,Full Stack Developer,0.143,0.798,0.301,0.494,0.579,0.0,0.857,6.0,3.0,3.0,2,12,0.75,low
cand_1150,arch_020,Frontend Developer,0.091,0.66,0.649,0.507,0.628,0.0,0.909,5.0,2.0,3.0,1,10,0.625,low
cand_1151,arch_020,Frontend Developer,0.182,0.648,0.598,0.578,0.714,0.0,0.818,4.6,2.0,2.6,2,9,0.577,low
cand_1152,arch_020,Frontend Developer,0.091,0.664,0.665,0.485,0.541,0.0,0.909,5.1,2.0,3.1,1,10,0.625,low
cand_1153,arch_020,Backend Developer,0.154,0.76,0.332,0.597,0.554,0.333,0.846,5.0,3.0,2.0,2,11,0.702,low
cand_1154,arch_020,Backend Developer,0.231,0.721,0.305,0.6,0.671,0.667,0.769,5.8,3.0,2.8,3,10,0.654,low
cand_1155,arch_020,Backend Developer,0.154,0.799,0.346,0.489,0.578,0.333,0.846,4.1,3.0,1.1,2,11,0.702,low
cand_1156,arch_020,Data Analyst,0.0,0.776,0.643,0.476,0.551,0.0,1.0,5.0,2.0,3.0,0,9,0.577,low
cand_1157,arch_020,Data Analyst,0.111,0.782,0.61,0.539,0.648,0.0,0.889,5.8,2.0,3.8,1,8,0.529,low
cand_1158,arch_020,Data Analyst,0.0,0.731,0.649,0.559,0.587,0.0,1.0,5.2,2.0,3.2,0,9,0.577,low
cand_1159,arch_020,Data Scientist,0.167,0.845,0.307,0.495,0.539,0.0,0.833,5.0,4.0,1.0,2,10,0.625,low
cand_1160,arch_020,Data Scientist,0.25,0.925,0.314,0.526,0.714,0.333,0.75,5.0,4.0,1.0,3,9,0.577,low
cand_1161,arch_020,Data Scientist,0.083,0.791,0.284,0.6,0.508,0.0,0.917,5.0,4.0,1.0,1,11,0.673,low
cand_1162,arch_020,Machine Learning Engineer,0.2,0.892,0.315,0.531,0.576,0.0,0.8,5.0,4.0,1.0,3,12,0.721,low
cand_1163,arch_020,Machine Learning Engineer,0.267,0.826,0.319,0.51,0.681,0.25,0.733,6.5,4.0,2.5,4,11,0.673,low
cand_1164,arch_020,Machine Learning Engineer,0.2,0.78,0.277,0.524,0.535,0.0,0.8,5.8,4.0,1.8,3,12,0.721,low
cand_1165,arch_020,AI Engineer,0.154,0.822,0.295,0.608,0.59,0.0,0.846,5.0,3.5,1.5,2,11,0.673,low
cand_1166,arch_020,AI Engineer,0.231,0.773,0.296,0.474,0.648,0.25,0.769,6.3,3.5,2.8,3,10,0.625,low
cand_1167,arch_020,AI Engineer,0.154,0.786,0.299,0.581,0.554,0.0,0.846,5.7,3.5,2.2,2,11,0.673,low
cand_1168,arch_020,MLOps Engineer,0.333,0.849,0.337,0.577,0.55,0.0,0.667,5.0,4.5,0.5,5,10,0.538,low
cand_1169,arch_020,MLOps Engineer,0.4,0.802,0.316,0.626,0.624,0.25,0.6,5.1,4.5,0.6,6,9,0.49,moderate
cand_1170,arch_020,MLOps Engineer,0.333,0.778,0.36,0.534,0.473,0.0,0.667,6.6,4.5,2.1,5,10,0.538,low
cand_1171,arch_020,Data Engineer,0.214,0.759,0.251,0.605,0.543,0.0,0.786,5.0,3.5,1.5,3,11,0.644,low
cand_1172,arch_020,Data Engineer,0.286,0.731,0.304,0.538,0.651,0.0,0.714,5.2,3.5,1.7,4,10,0.596,low
cand_1173,arch_020,Data Engineer,0.214,0.721,0.276,0.576,0.565,0.0,0.786,4.2,3.5,0.7,3,11,0.644,low
cand_1174,arch_020,DevOps Engineer,0.429,0.836,0.27,0.552,0.6,0.0,0.571,5.0,3.5,1.5,6,8,0.413,moderate
cand_1175,arch_020,DevOps Engineer,0.5,0.87,0.302,0.5,0.667,0.333,0.5,5.6,3.5,2.1,7,7,0.365,moderate
cand_1176,arch_020,DevOps Engineer,0.429,0.92,0.272,0.572,0.614,0.0,0.571,6.0,3.5,2.5,6,8,0.413,moderate
cand_1177,arch_020,Cloud Engineer,0.429,0.906,0.349,0.62,0.606,0.333,0.571,5.0,3.0,2.0,6,8,0.413,moderate
cand_1178,arch_020,Cloud Engineer,0.5,0.828,0.258,0.494,0.685,0.333,0.5,4.6,3.0,1.6,7,7,0.365,moderate
cand_1179,arch_020,Cloud Engineer,0.429,0.821,0.34,0.48,0.554,0.333,0.571,4.9,3.0,1.9,6,8,0.413,moderate
cand_1180,arch_020,Platform Engineer,0.429,0.836,0.339,0.573,0.559,0.0,0.571,5.0,4.5,0.5,6,8,0.471,moderate
cand_1181,arch_020,Platform Engineer,0.5,0.808,0.258,0.474,0.696,0.0,0.5,5.7,4.5,1.2,7,7,0.423,moderate
cand_1182,arch_020,Platform Engineer,0.429,0.929,0.291,0.615,0.554,0.0,0.571,4.9,4.5,0.4,6,8,0.471,moderate
cand_1183,arch_020,Site Reliability Engineer (SRE),0.357,0.814,0.243,0.596,0.561,0.0,0.643,5.0,4.0,1.0,5,9,0.519,low
cand_1184,arch_020,Site Reliability Engineer (SRE),0.429,0.924,0.298,0.473,0.703,0.0,0.571,5.6,4.0,1.6,6,8,0.471,moderate
cand_1185,arch_020,Site Reliability Engineer (SRE),0.357,0.909,0.348,0.535,0.57,0.0,0.643,4.3,4.0,0.3,5,9,0.519,low
cand_1186,arch_020,Cybersecurity Analyst,0.273,0.745,0.251,0.891,0.606,0.0,0.727,5.0,2.5,2.5,3,8,0.442,low
cand_1187,arch_020,Cybersecurity Analyst,0.273,0.731,0.3,0.759,0.6,0.0,0.727,4.8,2.5,2.3,3,8,0.442,low
cand_1188,arch_020,Cybersecurity Analyst,0.273,0.724,0.3,0.754,0.593,0.0,0.727,5.7,2.5,3.2,3,8,0.442,low
cand_1189,arch_020,Cloud Security Engineer,0.538,0.764,0.278,0.873,0.607,0.0,0.462,5.0,4.0,1.0,7,6,0.288,moderate
cand_1190,arch_020,Cloud Security Engineer,0.615,0.79,0.266,0.757,0.638,0.333,0.385,6.1,4.0,2.1,8,5,0.24,moderate
cand_1191,arch_020,Cloud Security Engineer,0.538,0.778,0.247,0.825,0.603,0.0,0.462,4.8,4.0,0.8,7,6,0.288,moderate
cand_1192,arch_020,QA Automation Engineer,0.333,0.658,0.655,0.546,0.558,0.0,0.667,5.0,2.5,2.5,4,8,0.5,low
cand_1193,arch_020,QA Automation Engineer,0.333,0.79,0.634,0.585,0.615,0.0,0.667,5.1,2.5,2.6,4,8,0.5,low
cand_1194,arch_020,QA Automation Engineer,0.333,0.737,0.691,0.576,0.627,0.0,0.667,4.1,2.5,1.6,4,8,0.5,low
cand_1195,arch_020,Mobile Developer (React Native / Flutter),0.091,0.751,0.335,0.508,0.589,0.0,0.909,5.0,2.5,2.5,1,10,0.596,low
cand_1196,arch_020,Mobile Developer (React Native / Flutter),0.182,0.698,0.337,0.49,0.703,0.0,0.818,5.1,2.5,2.6,2,9,0.548,low
cand_1197,arch_020,Mobile Developer (React Native / Flutter),0.091,0.786,0.287,0.626,0.559,0.0,0.909,6.6,2.5,4.1,1,10,0.596,low
cand_1198,arch_020,Solutions Architect,0.214,0.654,0.339,0.508,0.554,0.0,0.786,5.0,6.5,-1.5,3,11,0.673,low
cand_1199,arch_020,Solutions Architect,0.286,0.741,0.346,0.593,0.657,0.333,0.714,6.3,6.5,-0.2,4,10,0.625,low
cand_1200,arch_020,Solutions Architect,0.214,0.772,0.353,0.545,0.575,0.0,0.786,4.1,6.5,-2.4,3,11,0.673,low
cand_1201,arch_021,Java Backend Developer,0.154,0.775,0.326,0.61,0.532,0.0,0.846,3.0,3.0,0.0,2,11,0.644,low
cand_1202,arch_021,Java Backend Developer,0.231,0.721,0.282,0.566,0.615,0.333,0.769,4.1,3.0,1.1,3,10,0.596,low
cand_1203,arch_021,Java Backend Developer,0.154,0.644,0.246,0.573,0.513,0.0,0.846,4.2,3.0,1.2,2,11,0.644,low
cand_1204,arch_021,Python Developer,0.167,0.767,0.256,0.534,0.513,0.0,0.833,3.0,2.5,0.5,2,10,0.596,low
cand_1205,arch_021,Python Developer,0.167,0.658,0.27,0.584,0.527,0.0,0.833,3.1,2.5,0.6,2,10,0.596,low
cand_1206,arch_021,Python Developer,0.083,0.75,0.335,0.521,0.415,0.0,0.917,3.9,2.5,1.4,1,11,0.673,low
cand_1207,arch_021,Full Stack Developer,0.357,0.758,0.271,0.58,0.533,0.0,0.643,3.0,3.0,0.0,5,9,0.49,low
cand_1208,arch_021,Full Stack Developer,0.429,0.654,0.284,0.533,0.571,0.0,0.571,4.1,3.0,1.1,6,8,0.442,moderate
cand_1209,arch_021,Full Stack Developer,0.357,0.643,0.243,0.559,0.511,0.0,0.643,4.5,3.0,1.5,5,9,0.49,low
cand_1210,arch_021,Frontend Developer,0.455,0.677,0.601,0.544,0.476,0.0,0.545,3.0,2.0,1.0,5,6,0.317,moderate
cand_1211,arch_021,Frontend Developer,0.545,0.704,0.641,0.512,0.542,0.5,0.455,4.2,2.0,2.2,6,5,0.269,moderate
cand_1212,arch_021,Frontend Developer,0.455,0.659,0.676,0.54,0.542,0.0,0.545,3.1,2.0,1.1,5,6,0.317,moderate
cand_1213,arch_021,Backend Developer,0.077,0.713,0.321,0.489,0.521,0.0,0.923,3.0,3.0,0.0,1,12,0.721,low
cand_1214,arch_021,Backend Developer,0.154,0.77,0.272,0.589,0.572,0.333,0.846,2.9,3.0,-0.1,2,11,0.673,low
cand_1215,arch_021,Backend Developer,0.077,0.799,0.274,0.578,0.408,0.0,0.923,3.3,3.0,0.3,1,12,0.721,low
cand_1216,arch_021,Data Analyst,0.0,0.705,0.608,0.516,0.476,0.0,1.0,3.0,2.0,1.0,0,9,0.577,low
cand_1217,arch_021,Data Analyst,0.111,0.699,0.672,0.543,0.534,0.0,0.889,3.7,2.0,1.7,1,8,0.529,low
cand_1218,arch_021,Data Analyst,0.0,0.751,0.672,0.584,0.521,0.0,1.0,2.4,2.0,0.4,0,9,0.577,low
cand_1219,arch_021,Data Scientist,0.083,0.888,0.271,0.485,0.456,0.0,0.917,3.0,4.0,-1.0,1,11,0.673,low
cand_1220,arch_021,Data Scientist,0.167,0.845,0.283,0.567,0.6,0.0,0.833,3.2,4.0,-0.8,2,10,0.625,low
cand_1221,arch_021,Data Scientist,0.083,0.9,0.241,0.551,0.488,0.0,0.917,4.4,4.0,0.4,1,11,0.673,low
cand_1222,arch_021,Machine Learning Engineer,0.133,0.926,0.321,0.491,0.539,0.0,0.867,3.0,4.0,-1.0,2,13,0.769,low
cand_1223,arch_021,Machine Learning Engineer,0.2,0.812,0.3,0.619,0.621,0.25,0.8,2.6,4.0,-1.4,3,12,0.721,low
cand_1224,arch_021,Machine Learning Engineer,0.133,0.855,0.257,0.489,0.454,0.0,0.867,2.4,4.0,-1.6,2,13,0.769,low
cand_1225,arch_021,AI Engineer,0.231,0.79,0.345,0.604,0.525,0.0,0.769,3.0,3.5,-0.5,3,10,0.567,low
cand_1226,arch_021,AI Engineer,0.308,0.914,0.272,0.603,0.626,0.25,0.692,4.4,3.5,0.9,4,9,0.519,low
cand_1227,arch_021,AI Engineer,0.231,0.796,0.328,0.549,0.545,0.0,0.769,3.6,3.5,0.1,3,10,0.567,low
cand_1228,arch_021,MLOps Engineer,0.133,0.859,0.351,0.572,0.494,0.0,0.867,3.0,4.5,-1.5,2,13,0.769,low
cand_1229,arch_021,MLOps Engineer,0.2,0.807,0.244,0.512,0.604,0.0,0.8,2.9,4.5,-1.6,3,12,0.721,low
cand_1230,arch_021,MLOps Engineer,0.133,0.918,0.245,0.527,0.521,0.0,0.867,3.3,4.5,-1.2,2,13,0.769,low
cand_1231,arch_021,Data Engineer,0.143,0.718,0.299,0.605,0.537,0.0,0.857,3.0,3.5,-0.5,2,12,0.721,low
cand_1232,arch_021,Data Engineer,0.143,0.673,0.274,0.604,0.525,0.0,0.857,2.7,3.5,-0.8,2,12,0.721,low
cand_1233,arch_021,Data Engineer,0.143,0.746,0.265,0.63,0.45,0.0,0.857,4.5,3.5,1.0,2,12,0.721,low
cand_1234,arch_021,DevOps Engineer,0.071,0.893,0.262,0.617,0.475,0.0,0.929,3.0,3.5,-0.5,1,13,0.769,low
cand_1235,arch_021,DevOps Engineer,0.143,0.912,0.243,0.579,0.601,0.0,0.857,3.5,3.5,0.0,2,12,0.721,low
cand_1236,arch_021,DevOps Engineer,0.071,0.922,0.34,0.495,0.458,0.0,0.929,3.2,3.5,-0.3,1,13,0.769,low
cand_1237,arch_021,Cloud Engineer,0.143,0.903,0.319,0.543,0.546,0.0,0.857,3.0,3.0,0.0,2,12,0.692,low
cand_1238,arch_021,Cloud Engineer,0.214,0.823,0.245,0.57,0.579,0.0,0.786,3.7,3.0,0.7,3,11,0.644,low
cand_1239,arch_021,Cloud Engineer,0.143,0.915,0.336,0.491,0.536,0.0,0.857,4.8,3.0,1.8,2,12,0.692,low
cand_1240,arch_021,Platform Engineer,0.071,0.898,0.274,0.598,0.524,0.0,0.929,3.0,4.5,-1.5,1,13,0.798,low
cand_1241,arch_021,Platform Engineer,0.143,0.785,0.271,0.508,0.61,0.0,0.857,3.6,4.5,-0.9,2,12,0.75,low
cand_1242,arch_021,Platform Engineer,0.071,0.796,0.334,0.516,0.442,0.0,0.929,3.2,4.5,-1.3,1,13,0.798,low
cand_1243,arch_021,Site Reliability Engineer (SRE),0.071,0.875,0.254,0.549,0.493,0.0,0.929,3.0,4.0,-1.0,1,13,0.798,low
cand_1244,arch_021,Site Reliability Engineer (SRE),0.143,0.915,0.312,0.527,0.543,0.333,0.857,4.1,4.0,0.1,2,12,0.75,low
cand_1245,arch_021,Site Reliability Engineer (SRE),0.071,0.912,0.297,0.56,0.409,0.0,0.929,3.1,4.0,-0.9,1,13,0.798,low
cand_1246,arch_021,Cybersecurity Analyst,0.091,0.761,0.337,0.568,0.493,0.0,0.909,3.0,2.5,0.5,1,10,0.596,low
cand_1247,arch_021,Cybersecurity Analyst,0.091,0.722,0.357,0.578,0.515,0.0,0.909,3.4,2.5,0.9,1,10,0.596,low
cand_1248,arch_021,Cybersecurity Analyst,0.091,0.724,0.318,0.483,0.497,0.0,0.909,4.1,2.5,1.6,1,10,0.596,low
cand_1249,arch_021,Cloud Security Engineer,0.077,0.653,0.336,0.518,0.548,0.0,0.923,3.0,4.0,-1.0,1,12,0.721,low
cand_1250,arch_021,Cloud Security Engineer,0.154,0.775,0.303,0.517,0.538,0.0,0.846,3.9,4.0,-0.1,2,11,0.673,low
cand_1251,arch_021,Cloud Security Engineer,0.0,0.722,0.29,0.544,0.439,0.0,1.0,2.2,4.0,-1.8,0,13,0.769,low
cand_1252,arch_021,QA Automation Engineer,0.25,0.77,0.633,0.564,0.527,0.0,0.75,3.0,2.5,0.5,3,9,0.49,low
cand_1253,arch_021,QA Automation Engineer,0.333,0.746,0.612,0.499,0.573,0.0,0.667,2.5,2.5,0.0,4,8,0.442,low
cand_1254,arch_021,QA Automation Engineer,0.25,0.688,0.66,0.543,0.517,0.0,0.75,2.2,2.5,-0.3,3,9,0.49,low
cand_1255,arch_021,Mobile Developer (React Native / Flutter),0.545,0.74,0.272,0.895,0.537,0.333,0.455,3.0,2.5,0.5,6,5,0.24,moderate
cand_1256,arch_021,Mobile Developer (React Native / Flutter),0.636,0.653,0.358,0.781,0.601,0.333,0.364,2.9,2.5,0.4,7,4,0.192,moderate
cand_1257,arch_021,Mobile Developer (React Native / Flutter),0.455,0.659,0.261,0.816,0.436,0.333,0.545,3.3,2.5,0.8,5,6,0.317,moderate
cand_1258,arch_021,Solutions Architect,0.071,0.779,0.356,0.566,0.499,0.0,0.929,3.0,6.5,-3.5,1,13,0.769,low
cand_1259,arch_021,Solutions Architect,0.143,0.751,0.356,0.578,0.614,0.0,0.857,3.7,6.5,-2.8,2,12,0.721,low
cand_1260,arch_021,Solutions Architect,0.071,0.658,0.242,0.625,0.453,0.0,0.929,2.3,6.5,-4.2,1,13,0.769,low
cand_1261,arch_022,Java Backend Developer,0.538,0.673,0.318,0.844,0.66,0.0,0.462,4.0,3.0,1.0,7,6,0.346,moderate
cand_1262,arch_022,Java Backend Developer,0.615,0.654,0.332,0.764,0.742,0.333,0.385,4.8,3.0,1.8,8,5,0.298,moderate
cand_1263,arch_022,Java Backend Developer,0.538,0.758,0.293,0.818,0.619,0.0,0.462,3.3,3.0,0.3,7,6,0.346,moderate
cand_1264,arch_022,Python Developer,0.5,0.712,0.269,0.787,0.7,0.0,0.5,4.0,2.5,1.5,6,6,0.375,moderate
cand_1265,arch_022,Python Developer,0.583,0.641,0.316,0.854,0.798,0.333,0.417,4.3,2.5,1.8,7,5,0.327,moderate
cand_1266,arch_022,Python Developer,0.5,0.735,0.307,0.787,0.665,0.0,0.5,5.5,2.5,3.0,6,6,0.375,moderate
cand_1267,arch_022,Full Stack Developer,0.357,0.718,0.311,0.568,0.685,0.0,0.643,4.0,3.0,1.0,5,9,0.548,low
cand_1268,arch_022,Full Stack Developer,0.357,0.677,0.247,0.473,0.674,0.0,0.643,5.1,3.0,2.1,5,9,0.548,low
cand_1269,arch_022,Full Stack Developer,0.286,0.782,0.254,0.57,0.598,0.0,0.714,4.7,3.0,1.7,4,10,0.596,low
cand_1270,arch_022,Frontend Developer,0.182,0.712,0.642,0.496,0.689,0.0,0.818,4.0,2.0,2.0,2,9,0.548,low
cand_1271,arch_022,Frontend Developer,0.273,0.677,0.616,0.615,0.734,0.5,0.727,4.4,2.0,2.4,3,8,0.5,low
cand_1272,arch_022,Frontend Developer,0.182,0.745,0.606,0.517,0.688,0.0,0.818,4.8,2.0,2.8,2,9,0.548,low
cand_1273,arch_022,Backend Developer,0.462,0.794,0.34,0.848,0.69,0.0,0.538,4.0,3.0,1.0,6,7,0.423,moderate
cand_1274,arch_022,Backend Developer,0.538,0.795,0.259,0.773,0.769,0.333,0.462,5.1,3.0,2.1,7,6,0.375,moderate
cand_1275,arch_022,Backend Developer,0.462,0.668,0.259,0.819,0.696,0.0,0.538,3.3,3.0,0.3,6,7,0.423,moderate
cand_1276,arch_022,Data Analyst,0.111,0.791,0.649,0.508,0.672,0.0,0.889,4.0,2.0,2.0,1,8,0.5,low
cand_1277,arch_022,Data Analyst,0.222,0.781,0.633,0.495,0.783,0.0,0.778,5.5,2.0,3.5,2,7,0.452,low
cand_1278,arch_022,Data Analyst,0.111,0.694,0.604,0.506,0.59,0.0,0.889,5.7,2.0,3.7,1,8,0.5,low
cand_1279,arch_022,Data Scientist,0.25,0.848,0.359,0.596,0.694,0.0,0.75,4.0,4.0,0.0,3,9,0.548,low
cand_1280,arch_022,Data Scientist,0.333,0.813,0.258,0.58,0.752,0.333,0.667,5.0,4.0,1.0,4,8,0.5,low
cand_1281,arch_022,Data Scientist,0.25,0.918,0.293,0.543,0.701,0.0,0.75,5.0,4.0,1.0,3,9,0.548,low
cand_1282,arch_022,Machine Learning Engineer,0.333,0.788,0.253,0.568,0.695,0.0,0.667,4.0,4.0,0.0,5,10,0.567,low
cand_1283,arch_022,Machine Learning Engineer,0.4,0.777,0.253,0.571,0.787,0.0,0.6,5.4,4.0,1.4,6,9,0.519,moderate
cand_1284,arch_022,Machine Learning Engineer,0.267,0.883,0.331,0.55,0.62,0.0,0.733,5.7,4.0,1.7,4,11,0.615,low
cand_1285,arch_022,AI Engineer,0.308,0.795,0.284,0.601,0.629,0.0,0.692,4.0,3.5,0.5,4,9,0.519,low
cand_1286,arch_022,AI Engineer,0.385,0.893,0.241,0.604,0.747,0.25,0.615,3.9,3.5,0.4,5,8,0.471,moderate
cand_1287,arch_022,AI Engineer,0.308,0.83,0.331,0.528,0.6,0.0,0.692,3.9,3.5,0.4,4,9,0.519,low
cand_1288,arch_022,MLOps Engineer,0.333,0.794,0.33,0.537,0.639,0.0,0.667,4.0,4.5,-0.5,5,10,0.567,low
cand_1289,arch_022,MLOps Engineer,0.4,0.917,0.348,0.622,0.752,0.25,0.6,5.1,4.5,0.6,6,9,0.519,moderate
cand_1290,arch_022,MLOps Engineer,0.333,0.841,0.332,0.585,0.668,0.0,0.667,5.0,4.5,0.5,5,10,0.567,low
cand_1291,arch_022,Data Engineer,0.429,0.651,0.281,0.534,0.694,0.0,0.571,4.0,3.5,0.5,6,8,0.442,low
cand_1292,arch_022,Data Engineer,0.5,0.761,0.319,0.573,0.79,0.25,0.5,4.4,3.5,0.9,7,7,0.394,moderate
cand_1293,arch_022,Data Engineer,0.429,0.754,0.319,0.553,0.646,0.0,0.571,3.2,3.5,-0.3,6,8,0.442,low
cand_1294,arch_022,DevOps Engineer,0.286,0.834,0.322,0.559,0.647,0.0,0.714,4.0,3.5,0.5,4,10,0.567,low
cand_1295,arch_022,DevOps Engineer,0.357,0.771,0.274,0.554,0.792,0.0,0.643,5.0,3.5,1.5,5,9,0.519,low
cand_1296,arch_022,DevOps Engineer,0.286,0.803,0.305,0.596,0.682,0.0,0.714,5.1,3.5,1.6,4,10,0.567,low
cand_1297,arch_022,Cloud Engineer,0.357,0.882,0.347,0.595,0.657,0.0,0.643,4.0,3.0,1.0,5,9,0.49,low
cand_1298,arch_022,Cloud Engineer,0.357,0.783,0.304,0.532,0.689,0.0,0.643,3.9,3.0,0.9,5,9,0.49,low
cand_1299,arch_022,Cloud Engineer,0.357,0.857,0.266,0.552,0.648,0.0,0.643,5.6,3.0,2.6,5,9,0.49,moderate
cand_1300,arch_022,Platform Engineer,0.357,0.825,0.316,0.474,0.706,0.0,0.643,4.0,4.5,-0.5,5,9,0.519,low
cand_1301,arch_022,Platform Engineer,0.429,0.809,0.333,0.586,0.799,0.333,0.571,4.6,4.5,0.1,6,8,0.471,moderate
cand_1302,arch_022,Platform Engineer,0.357,0.812,0.301,0.49,0.609,0.0,0.643,3.3,4.5,-1.2,5,9,0.519,low
cand_1303,arch_022,Site Reliability Engineer (SRE),0.286,0.921,0.294,0.562,0.617,0.0,0.714,4.0,4.0,0.0,4,10,0.596,low
cand_1304,arch_022,Site Reliability Engineer (SRE),0.357,0.899,0.359,0.56,0.789,0.333,0.643,4.2,4.0,0.2,5,9,0.548,low
cand_1305,arch_022,Site Reliability Engineer (SRE),0.286,0.865,0.282,0.516,0.695,0.0,0.714,4.9,4.0,0.9,4,10,0.596,low
cand_1306,arch_022,Cybersecurity Analyst,0.273,0.754,0.321,0.584,0.669,0.0,0.727,4.0,2.5,1.5,3,8,0.442,low
cand_1307,arch_022,Cybersecurity Analyst,0.364,0.723,0.263,0.595,0.745,0.0,0.636,4.0,2.5,1.5,4,7,0.394,moderate
cand_1308,arch_022,Cybersecurity Analyst,0.273,0.706,0.251,0.538,0.63,0.0,0.727,3.4,2.5,0.9,3,8,0.442,low
cand_1309,arch_022,Cloud Security Engineer,0.231,0.674,0.249,0.578,0.657,0.0,0.769,4.0,4.0,0.0,3,10,0.567,low
cand_1310,arch_022,Cloud Security Engineer,0.308,0.78,0.31,0.572,0.8,0.333,0.692,4.6,4.0,0.6,4,9,0.519,low
cand_1311,arch_022,Cloud Security Engineer,0.231,0.757,0.29,0.496,0.667,0.0,0.769,5.1,4.0,1.1,3,10,0.567,low
cand_1312,arch_022,QA Automation Engineer,0.417,0.718,0.645,0.625,0.668,0.0,0.583,4.0,2.5,1.5,5,7,0.423,moderate
cand_1313,arch_022,QA Automation Engineer,0.5,0.674,0.647,0.589,0.794,0.0,0.5,4.6,2.5,2.1,6,6,0.375,moderate
cand_1314,arch_022,QA Automation Engineer,0.417,0.736,0.639,0.489,0.674,0.0,0.583,4.1,2.5,1.6,5,7,0.423,moderate
cand_1315,arch_022,Mobile Developer (React Native / Flutter),0.182,0.646,0.258,0.529,0.716,0.0,0.818,4.0,2.5,1.5,2,9,0.519,low
cand_1316,arch_022,Mobile Developer (React Native / Flutter),0.273,0.644,0.257,0.595,0.742,0.333,0.727,4.1,2.5,1.6,3,8,0.471,low
cand_1317,arch_022,Mobile Developer (React Native / Flutter),0.182,0.685,0.262,0.588,0.617,0.0,0.818,5.8,2.5,3.3,2,9,0.519,low
cand_1318,arch_022,Solutions Architect,0.429,0.728,0.248,0.477,0.665,0.0,0.571,4.0,6.5,-2.5,6,8,0.471,low
cand_1319,arch_022,Solutions Architect,0.5,0.784,0.334,0.546,0.772,0.333,0.5,4.1,6.5,-2.4,7,7,0.423,low
cand_1320,arch_022,Solutions Architect,0.429,0.721,0.295,0.542,0.662,0.0,0.571,4.8,6.5,-1.7,6,8,0.471,low
cand_1321,arch_023,Java Backend Developer,0.0,0.779,0.279,0.598,0.35,0.0,1.0,3.0,3.0,0.0,0,13,0.769,low
cand_1322,arch_023,Java Backend Developer,0.077,0.784,0.281,0.477,0.434,0.333,0.923,3.3,3.0,0.3,1,12,0.721,low
cand_1323,arch_023,Java Backend Developer,0.0,0.779,0.325,0.562,0.28,0.0,1.0,3.3,3.0,0.3,0,13,0.769,low
cand_1324,arch_023,Python Developer,0.0,0.753,0.307,0.49,0.339,0.0,1.0,3.0,2.5,0.5,0,12,0.721,low
cand_1325,arch_023,Python Developer,0.083,0.727,0.331,0.623,0.419,0.0,0.917,2.9,2.5,0.4,1,11,0.673,low
cand_1326,arch_023,Python Developer,0.0,0.643,0.319,0.555,0.38,0.0,1.0,4.3,2.5,1.8,0,12,0.721,low
cand_1327,arch_023,Full Stack Developer,0.0,0.684,0.265,0.603,0.367,0.0,1.0,3.0,3.0,0.0,0,14,0.846,low
cand_1328,arch_023,Full Stack Developer,0.071,0.769,0.313,0.534,0.371,0.0,0.929,3.7,3.0,0.7,1,13,0.798,low
cand_1329,arch_023,Full Stack Developer,0.0,0.669,0.243,0.554,0.238,0.0,1.0,4.6,3.0,1.6,0,14,0.846,low
cand_1330,arch_023,Frontend Developer,0.0,0.655,0.708,0.557,0.312,0.0,1.0,3.0,2.0,1.0,0,11,0.673,low
cand_1331,arch_023,Frontend Developer,0.091,0.665,0.704,0.579,0.373,0.5,0.909,2.9,2.0,0.9,1,10,0.625,low
cand_1332,arch_023,Frontend Developer,0.0,0.688,0.602,0.493,0.289,0.0,1.0,4.9,2.0,2.9,0,11,0.673,low
cand_1333,arch_023,Backend Developer,0.0,0.681,0.353,0.614,0.289,0.0,1.0,3.0,3.0,0.0,0,13,0.798,low
cand_1334,arch_023,Backend Developer,0.077,0.734,0.299,0.59,0.405,0.0,0.923,3.0,3.0,0.0,1,12,0.75,low
cand_1335,arch_023,Backend Developer,0.0,0.728,0.248,0.475,0.263,0.0,1.0,2.3,3.0,-0.7,0,13,0.798,low
cand_1336,arch_023,Data Analyst,0.222,0.786,0.592,0.559,0.342,0.0,0.778,3.0,2.0,1.0,2,7,0.452,low
cand_1337,arch_023,Data Analyst,0.222,0.689,0.639,0.483,0.347,0.0,0.778,2.7,2.0,0.7,2,7,0.452,low
cand_1338,arch_023,Data Analyst,0.222,0.7,0.708,0.595,0.337,0.0,0.778,2.6,2.0,0.6,2,7,0.452,low
cand_1339,arch_023,Data Scientist,0.0,0.838,0.349,0.542,0.283,0.0,1.0,3.0,4.0,-1.0,0,12,0.721,low
cand_1340,arch_023,Data Scientist,0.083,0.869,0.318,0.497,0.373,0.333,0.917,3.4,4.0,-0.6,1,11,0.673,low
cand_1341,arch_023,Data Scientist,0.0,0.904,0.286,0.526,0.263,0.0,1.0,4.8,4.0,0.8,0,12,0.721,low
cand_1342,arch_023,Machine Learning Engineer,0.0,0.864,0.301,0.477,0.357,0.0,1.0,3.0,4.0,-1.0,0,15,0.894,low
cand_1343,arch_023,Machine Learning Engineer,0.067,0.784,0.324,0.603,0.439,0.25,0.933,3.6,4.0,-0.4,1,14,0.846,low
cand_1344,arch_023,Machine Learning Engineer,0.0,0.804,0.301,0.598,0.372,0.0,1.0,5.0,4.0,1.0,0,15,0.894,low
cand_1345,arch_023,AI Engineer,0.0,0.921,0.316,0.627,0.354,0.0,1.0,3.0,3.5,-0.5,0,13,0.769,low
cand_1346,arch_023,AI Engineer,0.077,0.825,0.295,0.566,0.368,0.0,0.923,3.0,3.5,-0.5,1,12,0.721,low
cand_1347,arch_023,AI Engineer,0.0,0.77,0.297,0.614,0.351,0.0,1.0,4.1,3.5,0.6,0,13,0.769,low
cand_1348,arch_023,MLOps Engineer,0.0,0.836,0.347,0.583,0.36,0.0,1.0,3.0,4.5,-1.5,0,15,0.894,low
cand_1349,arch_023,MLOps Engineer,0.067,0.856,0.347,0.601,0.411,0.0,0.933,3.6,4.5,-0.9,1,14,0.846,low
cand_1350,arch_023,MLOps Engineer,0.0,0.83,0.312,0.532,0.367,0.0,1.0,2.4,4.5,-2.1,0,15,0.894,low
cand_1351,arch_023,Data Engineer,0.0,0.77,0.358,0.49,0.32,0.0,1.0,3.0,3.5,-0.5,0,14,0.846,low
cand_1352,arch_023,Data Engineer,0.071,0.675,0.242,0.515,0.459,0.0,0.929,2.9,3.5,-0.6,1,13,0.798,low
cand_1353,arch_023,Data Engineer,0.0,0.769,0.267,0.627,0.297,0.0,1.0,3.1,3.5,-0.4,0,14,0.846,low
cand_1354,arch_023,DevOps Engineer,0.0,0.776,0.299,0.583,0.344,0.0,1.0,3.0,3.5,-0.5,0,14,0.846,low
cand_1355,arch_023,DevOps Engineer,0.071,0.788,0.273,0.55,0.384,0.333,0.929,2.5,3.5,-1.0,1,13,0.798,low
cand_1356,arch_023,DevOps Engineer,0.0,0.878,0.312,0.498,0.342,0.0,1.0,2.6,3.5,-0.9,0,14,0.846,low
cand_1357,arch_023,Cloud Engineer,0.0,0.889,0.255,0.619,0.369,0.0,1.0,3.0,3.0,0.0,0,14,0.846,low
cand_1358,arch_023,Cloud Engineer,0.071,0.801,0.321,0.629,0.436,0.0,0.929,4.3,3.0,1.3,1,13,0.798,low
cand_1359,arch_023,Cloud Engineer,0.0,0.77,0.291,0.578,0.265,0.0,1.0,3.6,3.0,0.6,0,14,0.846,low
cand_1360,arch_023,Platform Engineer,0.0,0.907,0.279,0.605,0.324,0.0,1.0,3.0,4.5,-1.5,0,14,0.846,low
cand_1361,arch_023,Platform Engineer,0.071,0.849,0.302,0.477,0.439,0.0,0.929,2.7,4.5,-1.8,1,13,0.798,low
cand_1362,arch_023,Platform Engineer,0.0,0.855,0.278,0.533,0.317,0.0,1.0,2.1,4.5,-2.4,0,14,0.846,low
cand_1363,arch_023,Site Reliability Engineer (SRE),0.0,0.911,0.337,0.628,0.306,0.0,1.0,3.0,4.0,-1.0,0,14,0.846,low
cand_1364,arch_023,Site Reliability Engineer (SRE),0.071,0.917,0.264,0.523,0.373,0.0,0.929,3.9,4.0,-0.1,1,13,0.798,low
cand_1365,arch_023,Site Reliability Engineer (SRE),0.0,0.899,0.311,0.57,0.233,0.0,1.0,3.9,4.0,-0.1,0,14,0.846,low
cand_1366,arch_023,Cybersecurity Analyst,0.091,0.68,0.253,0.508,0.317,0.0,0.909,3.0,2.5,0.5,1,10,0.567,low
cand_1367,arch_023,Cybersecurity Analyst,0.182,0.723,0.268,0.482,0.427,0.0,0.818,2.6,2.5,0.1,2,9,0.519,low
cand_1368,arch_023,Cybersecurity Analyst,0.091,0.733,0.25,0.48,0.203,0.0,0.909,3.3,2.5,0.8,1,10,0.567,low
cand_1369,arch_023,Cloud Security Engineer,0.0,0.69,0.342,0.48,0.296,0.0,1.0,3.0,4.0,-1.0,0,13,0.769,low
cand_1370,arch_023,Cloud Security Engineer,0.077,0.649,0.313,0.539,0.377,0.0,0.923,4.3,4.0,0.3,1,12,0.721,low
cand_1371,arch_023,Cloud Security Engineer,0.0,0.704,0.314,0.536,0.286,0.0,1.0,2.2,4.0,-1.8,0,13,0.769,low
cand_1372,arch_023,QA Automation Engineer,0.0,0.766,0.665,0.543,0.33,0.0,1.0,3.0,2.5,0.5,0,12,0.721,low
cand_1373,arch_023,QA Automation Engineer,0.083,0.739,0.631,0.62,0.445,0.333,0.917,3.4,2.5,0.9,1,11,0.673,low
cand_1374,arch_023,QA Automation Engineer,0.0,0.671,0.602,0.565,0.29,0.0,1.0,3.4,2.5,0.9,0,12,0.721,low
cand_1375,arch_023,Mobile Developer (React Native / Flutter),0.0,0.766,0.263,0.562,0.347,0.0,1.0,3.0,2.5,0.5,0,11,0.673,low
cand_1376,arch_023,Mobile Developer (React Native / Flutter),0.091,0.717,0.315,0.5,0.38,0.333,0.909,3.0,2.5,0.5,1,10,0.625,low
cand_1377,arch_023,Mobile Developer (React Native / Flutter),0.0,0.722,0.318,0.527,0.258,0.0,1.0,2.1,2.5,-0.4,0,11,0.673,low
cand_1378,arch_023,Solutions Architect,0.071,0.727,0.257,0.545,0.344,0.0,0.929,3.0,6.5,-3.5,1,13,0.769,low
cand_1379,arch_023,Solutions Architect,0.143,0.723,0.319,0.493,0.39,0.333,0.857,3.1,6.5,-3.4,2,12,0.721,low
cand_1380,arch_023,Solutions Architect,0.071,0.649,0.281,0.626,0.347,0.0,0.929,4.5,6.5,-2.0,1,13,0.769,low
cand_1381,arch_024,Java Backend Developer,0.231,0.672,0.248,0.5,0.414,0.0,0.769,0.5,3.0,-2.5,3,10,0.567,low
cand_1382,arch_024,Java Backend Developer,0.308,0.736,0.28,0.563,0.546,0.0,0.692,1.4,3.0,-1.6,4,9,0.519,low
cand_1383,arch_024,Java Backend Developer,0.231,0.666,0.295,0.596,0.371,0.0,0.769,1.3,3.0,-1.7,3,10,0.567,low
cand_1384,arch_024,Python Developer,0.25,0.675,0.24,0.506,0.39,0.0,0.75,0.5,2.5,-2.0,3,9,0.519,low
cand_1385,arch_024,Python Developer,0.333,0.717,0.332,0.6,0.531,0.0,0.667,1.2,2.5,-1.3,4,8,0.471,low
cand_1386,arch_024,Python Developer,0.25,0.772,0.241,0.472,0.402,0.0,0.75,0.6,2.5,-1.9,3,9,0.519,low
cand_1387,arch_024,Full Stack Developer,0.143,0.729,0.257,0.54,0.43,0.0,0.857,0.5,3.0,-2.5,2,12,0.721,low
cand_1388,arch_024,Full Stack Developer,0.214,0.647,0.244,0.502,0.467,0.333,0.786,1.8,3.0,-1.2,3,11,0.673,low
cand_1389,arch_024,Full Stack Developer,0.143,0.694,0.307,0.499,0.369,0.0,0.857,2.2,3.0,-0.8,2,12,0.721,low
cand_1390,arch_024,Frontend Developer,0.091,0.775,0.699,0.473,0.434,0.0,0.909,0.5,2.0,-1.5,1,10,0.625,low
cand_1391,arch_024,Frontend Developer,0.182,0.694,0.615,0.543,0.487,0.5,0.818,0.8,2.0,-1.2,2,9,0.577,low
cand_1392,arch_024,Frontend Developer,0.091,0.796,0.71,0.611,0.371,0.0,0.909,0.6,2.0,-1.4,1,10,0.625,low
cand_1393,arch_024,Backend Developer,0.154,0.65,0.257,0.618,0.446,0.0,0.846,0.5,3.0,-2.5,2,11,0.644,low
cand_1394,arch_024,Backend Developer,0.231,0.751,0.278,0.539,0.514,0.333,0.769,0.4,3.0,-2.6,3,10,0.596,low
cand_1395,arch_024,Backend Developer,0.154,0.734,0.343,0.517,0.382,0.0,0.846,2.3,3.0,-0.7,2,11,0.644,low
cand_1396,arch_024,Data Analyst,0.222,0.68,0.666,0.515,0.379,0.0,0.778,0.5,2.0,-1.5,2,7,0.452,low
cand_1397,arch_024,Data Analyst,0.333,0.673,0.6,0.545,0.516,0.5,0.667,1.0,2.0,-1.0,3,6,0.404,low
cand_1398,arch_024,Data Analyst,0.222,0.76,0.667,0.551,0.417,0.0,0.778,0.0,2.0,-2.0,2,7,0.452,low
cand_1399,arch_024,Data Scientist,0.25,0.844,0.279,0.53,0.436,0.0,0.75,0.5,4.0,-3.5,3,9,0.519,low
cand_1400,arch_024,Data Scientist,0.333,0.846,0.31,0.572,0.529,0.333,0.667,1.4,4.0,-2.6,4,8,0.471,low
cand_1401,arch_024,Data Scientist,0.25,0.842,0.268,0.505,0.326,0.0,0.75,1.4,4.0,-2.6,3,9,0.519,low
cand_1402,arch_024,Machine Learning Engineer,0.2,0.83,0.259,0.605,0.392,0.0,0.8,0.5,4.0,-3.5,3,12,0.692,low
cand_1403,arch_024,Machine Learning Engineer,0.267,0.817,0.302,0.507,0.454,0.0,0.733,0.2,4.0,-3.8,4,11,0.644,low
cand_1404,arch_024,Machine Learning Engineer,0.2,0.842,0.292,0.529,0.416,0.0,0.8,1.0,4.0,-3.0,3,12,0.692,low
cand_1405,arch_024,AI Engineer,0.231,0.814,0.243,0.541,0.393,0.0,0.769,0.5,3.5,-3.0,3,10,0.567,low
cand_1406,arch_024,AI Engineer,0.308,0.817,0.3,0.557,0.458,0.0,0.692,0.2,3.5,-3.3,4,9,0.519,low
cand_1407,arch_024,AI Engineer,0.154,0.781,0.245,0.502,0.303,0.0,0.846,0.3,3.5,-3.2,2,11,0.615,low
cand_1408,arch_024,MLOps Engineer,0.2,0.823,0.276,0.6,0.435,0.0,0.8,0.5,4.5,-4.0,3,12,0.692,low
cand_1409,arch_024,MLOps Engineer,0.267,0.93,0.33,0.588,0.541,0.25,0.733,0.5,4.5,-4.0,4,11,0.644,low
cand_1410,arch_024,MLOps Engineer,0.133,0.895,0.288,0.535,0.341,0.0,0.867,0.0,4.5,-4.5,2,13,0.769,low
cand_1411,arch_024,Data Engineer,0.214,0.745,0.297,0.552,0.443,0.0,0.786,0.5,3.5,-3.0,3,11,0.615,low
cand_1412,arch_024,Data Engineer,0.286,0.676,0.327,0.504,0.473,0.25,0.714,0.3,3.5,-3.2,4,10,0.567,low
cand_1413,arch_024,Data Engineer,0.214,0.715,0.338,0.525,0.375,0.0,0.786,1.3,3.5,-2.2,3,11,0.615,low
cand_1414,arch_024,DevOps Engineer,0.143,0.905,0.291,0.621,0.408,0.0,0.857,0.5,3.5,-3.0,2,12,0.721,low
cand_1415,arch_024,DevOps Engineer,0.214,0.83,0.309,0.491,0.544,0.333,0.786,0.9,3.5,-2.6,3,11,0.673,low
cand_1416,arch_024,DevOps Engineer,0.143,0.903,0.281,0.537,0.435,0.0,0.857,0.0,3.5,-3.5,2,12,0.721,low
cand_1417,arch_024,Cloud Engineer,0.214,0.835,0.333,0.556,0.399,0.0,0.786,0.5,3.0,-2.5,3,11,0.673,low
cand_1418,arch_024,Cloud Engineer,0.286,0.918,0.258,0.622,0.483,0.0,0.714,0.0,3.0,-3.0,4,10,0.625,low
cand_1419,arch_024,Cloud Engineer,0.214,0.867,0.344,0.627,0.387,0.0,0.786,1.4,3.0,-1.6,3,11,0.673,low
cand_1420,arch_024,Platform Engineer,0.143,0.833,0.304,0.5,0.378,0.0,0.857,0.5,4.5,-4.0,2,12,0.75,low
cand_1421,arch_024,Platform Engineer,0.214,0.872,0.277,0.497,0.517,0.0,0.786,1.1,4.5,-3.4,3,11,0.702,low
cand_1422,arch_024,Platform Engineer,0.143,0.867,0.243,0.502,0.458,0.0,0.857,0.0,4.5,-4.5,2,12,0.75,low
cand_1423,arch_024,Site Reliability Engineer (SRE),0.143,0.832,0.265,0.517,0.419,0.0,0.857,0.5,4.0,-3.5,2,12,0.721,low
cand_1424,arch_024,Site Reliability Engineer (SRE),0.214,0.853,0.261,0.608,0.491,0.0,0.786,0.9,4.0,-3.1,3,11,0.673,low
cand_1425,arch_024,Site Reliability Engineer (SRE),0.143,0.837,0.329,0.532,0.374,0.0,0.857,0.0,4.0,-4.0,2,12,0.721,low
cand_1426,arch_024,Cybersecurity Analyst,0.273,0.673,0.344,0.52,0.448,0.0,0.727,0.5,2.5,-2.0,3,8,0.471,low
cand_1427,arch_024,Cybersecurity Analyst,0.364,0.737,0.353,0.564,0.5,0.333,0.636,1.3,2.5,-1.2,4,7,0.423,low
cand_1428,arch_024,Cybersecurity Analyst,0.182,0.799,0.293,0.602,0.344,0.0,0.818,1.6,2.5,-0.9,2,9,0.519,low
cand_1429,arch_024,Cloud Security Engineer,0.154,0.679,0.279,0.561,0.416,0.0,0.846,0.5,4.0,-3.5,2,11,0.673,low
cand_1430,arch_024,Cloud Security Engineer,0.154,0.758,0.275,0.611,0.412,0.0,0.846,0.9,4.0,-3.1,2,11,0.673,low
cand_1431,arch_024,Cloud Security Engineer,0.154,0.688,0.314,0.6,0.384,0.0,0.846,1.6,4.0,-2.4,2,11,0.673,low
cand_1432,arch_024,QA Automation Engineer,0.25,0.68,0.698,0.587,0.412,0.0,0.75,0.5,2.5,-2.0,3,9,0.519,low
cand_1433,arch_024,QA Automation Engineer,0.333,0.752,0.601,0.582,0.454,0.333,0.667,1.8,2.5,-0.7,4,8,0.471,low
cand_1434,arch_024,QA Automation Engineer,0.167,0.687,0.7,0.582,0.356,0.0,0.833,2.2,2.5,-0.3,2,10,0.567,low
cand_1435,arch_024,Mobile Developer (React Native / Flutter),0.091,0.675,0.299,0.629,0.422,0.0,0.909,0.5,2.5,-2.0,1,10,0.596,low
cand_1436,arch_024,Mobile Developer (React Native / Flutter),0.182,0.761,0.301,0.595,0.491,0.333,0.818,2.0,2.5,-0.5,2,9,0.548,low
cand_1437,arch_024,Mobile Developer (React Native / Flutter),0.0,0.714,0.249,0.581,0.358,0.0,1.0,0.0,2.5,-2.5,0,11,0.673,low
cand_1438,arch_024,Solutions Architect,0.143,0.701,0.33,0.607,0.406,0.0,0.857,0.5,6.5,-6.0,2,12,0.721,low
cand_1439,arch_024,Solutions Architect,0.214,0.753,0.256,0.577,0.496,0.0,0.786,0.0,6.5,-6.5,3,11,0.673,low
cand_1440,arch_024,Solutions Architect,0.143,0.754,0.293,0.545,0.311,0.0,0.857,0.9,6.5,-5.6,2,12,0.721,low
cand_1441,arch_025,Java Backend Developer,0.077,0.666,0.341,0.567,0.468,0.0,0.923,1.8,3.0,-1.2,1,12,0.721,low
cand_1442,arch_025,Java Backend Developer,0.154,0.667,0.321,0.472,0.561,0.0,0.846,1.5,3.0,-1.5,2,11,0.673,low
cand_1443,arch_025,Java Backend Developer,0.077,0.646,0.321,0.505,0.436,0.0,0.923,2.1,3.0,-0.9,1,12,0.721,low
cand_1444,arch_025,Python Developer,0.417,0.774,0.337,0.573,0.522,0.667,0.583,1.8,2.5,-0.7,5,7,0.423,low
cand_1445,arch_025,Python Developer,0.5,0.75,0.293,0.566,0.538,1.0,0.5,3.1,2.5,0.6,6,6,0.375,moderate
cand_1446,arch_025,Python Developer,0.333,0.7,0.269,0.485,0.409,0.667,0.667,1.9,2.5,-0.6,4,8,0.5,low
cand_1447,arch_025,Full Stack Developer,0.214,0.798,0.28,0.501,0.517,0.333,0.786,1.8,3.0,-1.2,3,11,0.673,low
cand_1448,arch_025,Full Stack Developer,0.214,0.768,0.34,0.497,0.467,0.333,0.786,1.7,3.0,-1.3,3,11,0.673,low
cand_1449,arch_025,Full Stack Developer,0.214,0.692,0.315,0.57,0.46,0.333,0.786,2.0,3.0,-1.0,3,11,0.673,low
cand_1450,arch_025,Frontend Developer,0.182,0.703,0.641,0.507,0.461,0.0,0.818,1.8,2.0,-0.2,2,9,0.548,low
cand_1451,arch_025,Frontend Developer,0.273,0.704,0.628,0.532,0.579,0.5,0.727,1.9,2.0,-0.1,3,8,0.5,low
cand_1452,arch_025,Frontend Developer,0.182,0.744,0.634,0.481,0.472,0.0,0.818,1.0,2.0,-1.0,2,9,0.548,low
cand_1453,arch_025,Backend Developer,0.077,0.688,0.312,0.627,0.46,0.0,0.923,1.8,3.0,-1.2,1,12,0.721,low
cand_1454,arch_025,Backend Developer,0.154,0.731,0.27,0.485,0.566,0.333,0.846,2.4,3.0,-0.6,2,11,0.673,low
cand_1455,arch_025,Backend Developer,0.077,0.788,0.333,0.491,0.468,0.0,0.923,2.7,3.0,-0.3,1,12,0.721,low
cand_1456,arch_025,Data Analyst,0.222,0.762,0.673,0.626,0.517,0.5,0.778,1.8,2.0,-0.2,2,7,0.481,low
cand_1457,arch_025,Data Analyst,0.333,0.737,0.66,0.531,0.597,1.0,0.667,1.4,2.0,-0.6,3,6,0.433,low
cand_1458,arch_025,Data Analyst,0.222,0.798,0.618,0.569,0.54,0.5,0.778,1.5,2.0,-0.5,2,7,0.481,low
cand_1459,arch_025,Data Scientist,0.333,0.819,0.329,0.591,0.512,0.667,0.667,1.8,4.0,-2.2,4,8,0.5,low
cand_1460,arch_025,Data Scientist,0.417,0.85,0.264,0.53,0.598,0.667,0.583,1.4,4.0,-2.6,5,7,0.452,low
cand_1461,arch_025,Data Scientist,0.333,0.928,0.293,0.61,0.463,0.667,0.667,1.5,4.0,-2.5,4,8,0.5,low
cand_1462,arch_025,Machine Learning Engineer,0.267,0.821,0.334,0.476,0.529,0.5,0.733,1.8,4.0,-2.2,4,11,0.673,low
cand_1463,arch_025,Machine Learning Engineer,0.333,0.89,0.267,0.587,0.568,0.75,0.667,2.1,4.0,-1.9,5,10,0.625,low
cand_1464,arch_025,Machine Learning Engineer,0.2,0.928,0.336,0.581,0.389,0.25,0.8,1.4,4.0,-2.6,3,12,0.721,low
cand_1465,arch_025,AI Engineer,0.462,0.91,0.303,0.499,0.513,0.25,0.538,1.8,3.5,-1.7,6,7,0.394,low
cand_1466,arch_025,AI Engineer,0.538,0.781,0.263,0.571,0.547,0.5,0.462,1.4,3.5,-2.1,7,6,0.346,moderate
cand_1467,arch_025,AI Engineer,0.385,0.858,0.335,0.503,0.417,0.25,0.615,1.4,3.5,-2.1,5,8,0.471,low
cand_1468,arch_025,MLOps Engineer,0.133,0.838,0.296,0.496,0.47,0.0,0.867,1.8,4.5,-2.7,2,13,0.74,low
cand_1469,arch_025,MLOps Engineer,0.2,0.818,0.309,0.625,0.553,0.0,0.8,2.1,4.5,-2.4,3,12,0.692,low
cand_1470,arch_025,MLOps Engineer,0.133,0.922,0.283,0.53,0.497,0.0,0.867,3.4,4.5,-1.1,2,13,0.74,low
cand_1471,arch_025,Data Engineer,0.214,0.708,0.313,0.539,0.466,0.25,0.786,1.8,3.5,-1.7,3,11,0.644,low
cand_1472,arch_025,Data Engineer,0.286,0.643,0.286,0.607,0.609,0.25,0.714,3.2,3.5,-0.3,4,10,0.596,low
cand_1473,arch_025,Data Engineer,0.214,0.664,0.327,0.511,0.496,0.25,0.786,3.6,3.5,0.1,3,11,0.644,low
cand_1474,arch_025,DevOps Engineer,0.143,0.843,0.285,0.567,0.457,0.0,0.857,1.8,3.5,-1.7,2,12,0.721,low
cand_1475,arch_025,DevOps Engineer,0.214,0.801,0.35,0.471,0.619,0.0,0.786,1.6,3.5,-1.9,3,11,0.673,low
cand_1476,arch_025,DevOps Engineer,0.143,0.835,0.29,0.533,0.524,0.0,0.857,3.0,3.5,-0.5,2,12,0.721,low
cand_1477,arch_025,Cloud Engineer,0.143,0.831,0.277,0.628,0.457,0.0,0.857,1.8,3.0,-1.2,2,12,0.721,low
cand_1478,arch_025,Cloud Engineer,0.214,0.832,0.308,0.501,0.577,0.333,0.786,3.1,3.0,0.1,3,11,0.673,low
cand_1479,arch_025,Cloud Engineer,0.143,0.886,0.301,0.548,0.519,0.0,0.857,1.6,3.0,-1.4,2,12,0.721,low
cand_1480,arch_025,Platform Engineer,0.143,0.881,0.318,0.618,0.524,0.0,0.857,1.8,4.5,-2.7,2,12,0.75,low
cand_1481,arch_025,Platform Engineer,0.143,0.917,0.283,0.583,0.453,0.0,0.857,1.8,4.5,-2.7,2,12,0.75,low
cand_1482,arch_025,Platform Engineer,0.143,0.843,0.322,0.511,0.427,0.0,0.857,2.8,4.5,-1.7,2,12,0.75,low
cand_1483,arch_025,Site Reliability Engineer (SRE),0.143,0.922,0.341,0.472,0.527,0.0,0.857,1.8,4.0,-2.2,2,12,0.721,low
cand_1484,arch_025,Site Reliability Engineer (SRE),0.214,0.834,0.31,0.614,0.585,0.333,0.786,2.6,4.0,-1.4,3,11,0.673,low
cand_1485,arch_025,Site Reliability Engineer (SRE),0.143,0.903,0.27,0.518,0.547,0.0,0.857,1.4,4.0,-2.6,2,12,0.721,low
cand_1486,arch_025,Cybersecurity Analyst,0.182,0.745,0.286,0.519,0.491,0.0,0.818,1.8,2.5,-0.7,2,9,0.548,low
cand_1487,arch_025,Cybersecurity Analyst,0.273,0.779,0.253,0.562,0.613,0.333,0.727,3.1,2.5,0.6,3,8,0.5,low
cand_1488,arch_025,Cybersecurity Analyst,0.182,0.789,0.288,0.519,0.465,0.0,0.818,3.2,2.5,0.7,2,9,0.548,low
cand_1489,arch_025,Cloud Security Engineer,0.154,0.771,0.24,0.481,0.52,0.0,0.846,1.8,4.0,-2.2,2,11,0.673,low
cand_1490,arch_025,Cloud Security Engineer,0.154,0.757,0.26,0.53,0.52,0.0,0.846,2.3,4.0,-1.7,2,11,0.673,low
cand_1491,arch_025,Cloud Security Engineer,0.077,0.712,0.338,0.5,0.373,0.0,0.923,1.4,4.0,-2.6,1,12,0.721,low
cand_1492,arch_025,QA Automation Engineer,0.167,0.669,0.681,0.511,0.54,0.0,0.833,1.8,2.5,-0.7,2,10,0.567,low
cand_1493,arch_025,QA Automation Engineer,0.25,0.786,0.603,0.572,0.541,0.0,0.75,2.1,2.5,-0.4,3,9,0.519,low
cand_1494,arch_025,QA Automation Engineer,0.083,0.695,0.66,0.546,0.434,0.0,0.917,1.1,2.5,-1.4,1,11,0.644,low
cand_1495,arch_025,Mobile Developer (React Native / Flutter),0.182,0.656,0.247,0.59,0.451,0.0,0.818,1.8,2.5,-0.7,2,9,0.519,low
cand_1496,arch_025,Mobile Developer (React Native / Flutter),0.273,0.655,0.303,0.471,0.594,0.333,0.727,2.5,2.5,0.0,3,8,0.471,low
cand_1497,arch_025,Mobile Developer (React Native / Flutter),0.182,0.789,0.297,0.524,0.493,0.0,0.818,3.8,2.5,1.3,2,9,0.519,low
cand_1498,arch_025,Solutions Architect,0.071,0.699,0.347,0.63,0.532,0.0,0.929,1.8,6.5,-4.7,1,13,0.798,low
cand_1499,arch_025,Solutions Architect,0.143,0.701,0.247,0.527,0.566,0.0,0.857,3.2,6.5,-3.3,2,12,0.75,low
cand_1500,arch_025,Solutions Architect,0.071,0.752,0.327,0.612,0.464,0.0,0.929,1.1,6.5,-5.4,1,13,0.798,low
cand_1501,arch_026,Java Backend Developer,0.231,0.736,0.344,0.515,0.52,0.0,0.769,6.0,3.0,3.0,3,10,0.596,low
cand_1502,arch_026,Java Backend Developer,0.231,0.712,0.322,0.609,0.501,0.0,0.769,7.1,3.0,4.1,3,10,0.596,low
cand_1503,arch_026,Java Backend Developer,0.154,0.793,0.338,0.473,0.403,0.0,0.846,7.0,3.0,4.0,2,11,0.644,low
cand_1504,arch_026,Python Developer,0.25,0.647,0.337,0.522,0.494,0.0,0.75,6.0,2.5,3.5,3,9,0.548,low
cand_1505,arch_026,Python Developer,0.333,0.758,0.335,0.526,0.627,0.333,0.667,6.7,2.5,4.2,4,8,0.5,low
cand_1506,arch_026,Python Developer,0.25,0.745,0.324,0.486,0.488,0.0,0.75,7.8,2.5,5.3,3,9,0.548,low
cand_1507,arch_026,Full Stack Developer,0.143,0.737,0.325,0.609,0.538,0.0,0.857,6.0,3.0,3.0,2,12,0.721,low
cand_1508,arch_026,Full Stack Developer,0.214,0.66,0.336,0.518,0.601,0.333,0.786,7.1,3.0,4.1,3,11,0.673,low
cand_1509,arch_026,Full Stack Developer,0.143,0.667,0.294,0.489,0.516,0.0,0.857,6.6,3.0,3.6,2,12,0.721,low
cand_1510,arch_026,Frontend Developer,0.0,0.679,0.615,0.591,0.516,0.0,1.0,6.0,2.0,4.0,0,11,0.673,low
cand_1511,arch_026,Frontend Developer,0.091,0.799,0.594,0.619,0.566,0.5,0.909,5.7,2.0,3.7,1,10,0.625,low
cand_1512,arch_026,Frontend Developer,0.0,0.681,0.647,0.614,0.379,0.0,1.0,6.2,2.0,4.2,0,11,0.673,low
cand_1513,arch_026,Backend Developer,0.231,0.662,0.304,0.586,0.459,0.0,0.769,6.0,3.0,3.0,3,10,0.596,low
cand_1514,arch_026,Backend Developer,0.308,0.676,0.309,0.618,0.54,0.333,0.692,6.9,3.0,3.9,4,9,0.548,low
cand_1515,arch_026,Backend Developer,0.231,0.759,0.327,0.575,0.529,0.0,0.769,6.0,3.0,3.0,3,10,0.596,low
cand_1516,arch_026,Data Analyst,0.111,0.795,0.642,0.777,0.476,0.0,0.889,6.0,2.0,4.0,1,8,0.5,low
cand_1517,arch_026,Data Analyst,0.222,0.654,0.679,0.89,0.608,0.5,0.778,6.1,2.0,4.1,2,7,0.452,low
cand_1518,arch_026,Data Analyst,0.111,0.777,0.704,0.832,0.45,0.0,0.889,5.3,2.0,3.3,1,8,0.5,low
cand_1519,arch_026,Data Scientist,0.083,0.78,0.304,0.606,0.548,0.0,0.917,6.0,4.0,2.0,1,11,0.644,low
cand_1520,arch_026,Data Scientist,0.167,0.898,0.352,0.49,0.6,0.0,0.833,6.1,4.0,2.1,2,10,0.596,low
cand_1521,arch_026,Data Scientist,0.083,0.856,0.295,0.493,0.461,0.0,0.917,6.8,4.0,2.8,1,11,0.644,low
cand_1522,arch_026,Machine Learning Engineer,0.133,0.904,0.3,0.543,0.51,0.0,0.867,6.0,4.0,2.0,2,13,0.769,low
cand_1523,arch_026,Machine Learning Engineer,0.2,0.866,0.277,0.628,0.546,0.0,0.8,5.8,4.0,1.8,3,12,0.721,low
cand_1524,arch_026,Machine Learning Engineer,0.133,0.847,0.339,0.549,0.52,0.0,0.867,8.0,4.0,4.0,2,13,0.769,low
cand_1525,arch_026,AI Engineer,0.077,0.83,0.358,0.523,0.533,0.0,0.923,6.0,3.5,2.5,1,12,0.692,low
cand_1526,arch_026,AI Engineer,0.154,0.882,0.246,0.608,0.551,0.25,0.846,5.9,3.5,2.4,2,11,0.644,low
cand_1527,arch_026,AI Engineer,0.077,0.928,0.319,0.606,0.549,0.0,0.923,6.5,3.5,3.0,1,12,0.692,low
cand_1528,arch_026,MLOps Engineer,0.2,0.858,0.28,0.578,0.549,0.0,0.8,6.0,4.5,1.5,3,12,0.721,low
cand_1529,arch_026,MLOps Engineer,0.267,0.781,0.327,0.515,0.626,0.25,0.733,7.0,4.5,2.5,4,11,0.673,low
cand_1530,arch_026,MLOps Engineer,0.2,0.786,0.279,0.597,0.537,0.0,0.8,7.1,4.5,2.6,3,12,0.721,low
cand_1531,arch_026,Data Engineer,0.214,0.649,0.352,0.519,0.515,0.0,0.786,6.0,3.5,2.5,3,11,0.644,low
cand_1532,arch_026,Data Engineer,0.286,0.751,0.275,0.493,0.555,0.0,0.714,6.7,3.5,3.2,4,10,0.596,low
cand_1533,arch_026,Data Engineer,0.214,0.641,0.327,0.562,0.518,0.0,0.786,7.2,3.5,3.7,3,11,0.644,low
cand_1534,arch_026,DevOps Engineer,0.214,0.928,0.258,0.622,0.493,0.0,0.786,6.0,3.5,2.5,3,11,0.673,low
cand_1535,arch_026,DevOps Engineer,0.286,0.785,0.357,0.499,0.539,0.333,0.714,7.2,3.5,3.7,4,10,0.625,low
cand_1536,arch_026,DevOps Engineer,0.214,0.865,0.356,0.57,0.49,0.0,0.786,7.9,3.5,4.4,3,11,0.673,low
cand_1537,arch_026,Cloud Engineer,0.143,0.775,0.269,0.548,0.519,0.0,0.857,6.0,3.0,3.0,2,12,0.721,low
cand_1538,arch_026,Cloud Engineer,0.214,0.894,0.359,0.577,0.542,0.333,0.786,7.4,3.0,4.4,3,11,0.673,low
cand_1539,arch_026,Cloud Engineer,0.143,0.831,0.316,0.541,0.451,0.0,0.857,6.4,3.0,3.4,2,12,0.721,low
cand_1540,arch_026,Platform Engineer,0.143,0.789,0.255,0.573,0.541,0.0,0.857,6.0,4.5,1.5,2,12,0.692,low
cand_1541,arch_026,Platform Engineer,0.214,0.814,0.329,0.597,0.551,0.0,0.786,5.9,4.5,1.4,3,11,0.644,low
cand_1542,arch_026,Platform Engineer,0.143,0.839,0.309,0.486,0.456,0.0,0.857,6.5,4.5,2.0,2,12,0.692,low
cand_1543,arch_026,Site Reliability Engineer (SRE),0.143,0.915,0.335,0.5,0.531,0.0,0.857,6.0,4.0,2.0,2,12,0.692,low
cand_1544,arch_026,Site Reliability Engineer (SRE),0.214,0.78,0.34,0.556,0.615,0.0,0.786,5.5,4.0,1.5,3,11,0.644,low
cand_1545,arch_026,Site Reliability Engineer (SRE),0.143,0.803,0.319,0.489,0.536,0.0,0.857,7.0,4.0,3.0,2,12,0.692,low
cand_1546,arch_026,Cybersecurity Analyst,0.182,0.751,0.241,0.542,0.481,0.0,0.818,6.0,2.5,3.5,2,9,0.49,low
cand_1547,arch_026,Cybersecurity Analyst,0.273,0.673,0.259,0.56,0.618,0.333,0.727,5.6,2.5,3.1,3,8,0.442,low
cand_1548,arch_026,Cybersecurity Analyst,0.182,0.721,0.284,0.557,0.492,0.0,0.818,5.1,2.5,2.6,2,9,0.49,low
cand_1549,arch_026,Cloud Security Engineer,0.077,0.791,0.24,0.518,0.545,0.0,0.923,6.0,4.0,2.0,1,12,0.692,low
cand_1550,arch_026,Cloud Security Engineer,0.154,0.745,0.293,0.562,0.603,0.0,0.846,6.5,4.0,2.5,2,11,0.644,low
cand_1551,arch_026,Cloud Security Engineer,0.077,0.696,0.305,0.504,0.46,0.0,0.923,6.6,4.0,2.6,1,12,0.692,low
cand_1552,arch_026,QA Automation Engineer,0.167,0.771,0.618,0.5,0.48,0.0,0.833,6.0,2.5,3.5,2,10,0.625,low
cand_1553,arch_026,QA Automation Engineer,0.25,0.736,0.616,0.527,0.546,0.333,0.75,7.2,2.5,4.7,3,9,0.577,low
cand_1554,arch_026,QA Automation Engineer,0.083,0.682,0.668,0.496,0.412,0.0,0.917,6.9,2.5,4.4,1,11,0.673,low
cand_1555,arch_026,Mobile Developer (React Native / Flutter),0.0,0.791,0.321,0.62,0.464,0.0,1.0,6.0,2.5,3.5,0,11,0.673,low
cand_1556,arch_026,Mobile Developer (React Native / Flutter),0.091,0.757,0.359,0.581,0.553,0.0,0.909,5.9,2.5,3.4,1,10,0.625,low
cand_1557,arch_026,Mobile Developer (React Native / Flutter),0.0,0.771,0.313,0.537,0.465,0.0,1.0,6.1,2.5,3.6,0,11,0.673,low
cand_1558,arch_026,Solutions Architect,0.286,0.799,0.292,0.474,0.51,0.0,0.714,6.0,6.5,-0.5,4,10,0.596,low
cand_1559,arch_026,Solutions Architect,0.357,0.725,0.322,0.535,0.566,0.0,0.643,5.7,6.5,-0.8,5,9,0.548,low
cand_1560,arch_026,Solutions Architect,0.286,0.764,0.258,0.598,0.477,0.0,0.714,5.3,6.5,-1.2,4,10,0.596,low
cand_1561,arch_027,Java Backend Developer,0.308,0.656,0.358,0.506,0.629,0.333,0.692,4.8,3.0,1.8,4,9,0.577,low
cand_1562,arch_027,Java Backend Developer,0.385,0.668,0.327,0.519,0.699,0.667,0.615,5.9,3.0,2.9,5,8,0.529,moderate
cand_1563,arch_027,Java Backend Developer,0.308,0.752,0.344,0.558,0.594,0.333,0.692,5.3,3.0,2.3,4,9,0.577,low
cand_1564,arch_027,Python Developer,0.333,0.783,0.26,0.621,0.572,0.0,0.667,4.8,2.5,2.3,4,8,0.5,low
cand_1565,arch_027,Python Developer,0.417,0.748,0.335,0.558,0.705,0.333,0.583,5.0,2.5,2.5,5,7,0.452,moderate
cand_1566,arch_027,Python Developer,0.333,0.681,0.322,0.584,0.599,0.0,0.667,5.0,2.5,2.5,4,8,0.5,low
cand_1567,arch_027,Full Stack Developer,0.143,0.663,0.308,0.513,0.625,0.0,0.857,4.8,3.0,1.8,2,12,0.75,low
cand_1568,arch_027,Full Stack Developer,0.214,0.753,0.27,0.567,0.687,0.333,0.786,5.6,3.0,2.6,3,11,0.702,low
cand_1569,arch_027,Full Stack Developer,0.143,0.768,0.3,0.514,0.576,0.0,0.857,4.3,3.0,1.3,2,12,0.75,low
cand_1570,arch_027,Frontend Developer,0.091,0.791,0.696,0.6,0.564,0.0,0.909,4.8,2.0,2.8,1,10,0.625,low
cand_1571,arch_027,Frontend Developer,0.182,0.705,0.628,0.484,0.625,0.0,0.818,6.0,2.0,4.0,2,9,0.577,low
cand_1572,arch_027,Frontend Developer,0.091,0.666,0.597,0.589,0.589,0.0,0.909,6.0,2.0,4.0,1,10,0.625,low
cand_1573,arch_027,Backend Developer,0.308,0.719,0.345,0.624,0.576,0.333,0.692,4.8,3.0,1.8,4,9,0.548,low
cand_1574,arch_027,Backend Developer,0.385,0.662,0.3,0.58,0.684,0.333,0.615,5.3,3.0,2.3,5,8,0.5,moderate
cand_1575,arch_027,Backend Developer,0.308,0.739,0.349,0.589,0.521,0.333,0.692,5.4,3.0,2.4,4,9,0.548,low
cand_1576,arch_027,Data Analyst,0.111,0.752,0.68,0.509,0.607,0.0,0.889,4.8,2.0,2.8,1,8,0.529,low
cand_1577,arch_027,Data Analyst,0.222,0.737,0.706,0.578,0.705,0.5,0.778,6.2,2.0,4.2,2,7,0.481,low
cand_1578,arch_027,Data Analyst,0.111,0.699,0.606,0.527,0.455,0.0,0.889,5.4,2.0,3.4,1,8,0.529,low
cand_1579,arch_027,Data Scientist,0.25,0.849,0.26,0.625,0.567,0.0,0.75,4.8,4.0,0.8,3,9,0.548,low
cand_1580,arch_027,Data Scientist,0.333,0.856,0.332,0.489,0.647,0.333,0.667,5.7,4.0,1.7,4,8,0.5,low
cand_1581,arch_027,Data Scientist,0.25,0.871,0.287,0.618,0.543,0.0,0.75,4.7,4.0,0.7,3,9,0.548,low
cand_1582,arch_027,Machine Learning Engineer,0.333,0.923,0.302,0.613,0.627,0.0,0.667,4.8,4.0,0.8,5,10,0.596,low
cand_1583,arch_027,Machine Learning Engineer,0.333,0.779,0.241,0.544,0.563,0.0,0.667,6.1,4.0,2.1,5,10,0.596,low
cand_1584,arch_027,Machine Learning Engineer,0.333,0.886,0.288,0.471,0.576,0.0,0.667,4.1,4.0,0.1,5,10,0.596,low
cand_1585,arch_027,AI Engineer,0.231,0.802,0.303,0.614,0.574,0.0,0.769,4.8,3.5,1.3,3,10,0.596,low
cand_1586,arch_027,AI Engineer,0.231,0.795,0.319,0.506,0.573,0.0,0.769,6.1,3.5,2.6,3,10,0.596,low
cand_1587,arch_027,AI Engineer,0.231,0.799,0.337,0.487,0.577,0.0,0.769,4.7,3.5,1.2,3,10,0.596,low
cand_1588,arch_027,MLOps Engineer,0.4,0.904,0.259,0.797,0.577,0.0,0.6,4.8,4.5,0.3,6,9,0.462,moderate
cand_1589,arch_027,MLOps Engineer,0.467,0.788,0.274,0.761,0.659,0.0,0.533,5.0,4.5,0.5,7,8,0.413,moderate
cand_1590,arch_027,MLOps Engineer,0.4,0.802,0.298,0.846,0.477,0.0,0.6,4.8,4.5,0.3,6,9,0.462,moderate
cand_1591,arch_027,Data Engineer,0.286,0.707,0.306,0.598,0.605,0.0,0.714,4.8,3.5,1.3,4,10,0.567,low
cand_1592,arch_027,Data Engineer,0.357,0.72,0.351,0.605,0.656,0.25,0.643,4.9,3.5,1.4,5,9,0.519,low
cand_1593,arch_027,Data Engineer,0.214,0.66,0.281,0.472,0.518,0.0,0.786,4.1,3.5,0.6,3,11,0.644,low
cand_1594,arch_027,DevOps Engineer,0.429,0.778,0.34,0.809,0.593,0.0,0.571,4.8,3.5,1.3,6,8,0.442,moderate
cand_1595,arch_027,DevOps Engineer,0.5,0.816,0.298,0.862,0.641,0.0,0.5,4.3,3.5,0.8,7,7,0.394,moderate
cand_1596,arch_027,DevOps Engineer,0.429,0.81,0.332,0.878,0.633,0.0,0.571,4.3,3.5,0.8,6,8,0.442,moderate
cand_1597,arch_027,Cloud Engineer,0.357,0.81,0.338,0.772,0.604,0.0,0.643,4.8,3.0,1.8,5,9,0.519,moderate
cand_1598,arch_027,Cloud Engineer,0.357,0.8,0.343,0.841,0.548,0.0,0.643,5.9,3.0,2.9,5,9,0.519,moderate
cand_1599,arch_027,Cloud Engineer,0.357,0.814,0.263,0.763,0.535,0.0,0.643,4.2,3.0,1.2,5,9,0.519,moderate
cand_1600,arch_027,Platform Engineer,0.429,0.802,0.344,0.801,0.586,0.0,0.571,4.8,4.5,0.3,6,8,0.442,moderate
cand_1601,arch_027,Platform Engineer,0.5,0.805,0.291,0.75,0.659,0.0,0.5,5.7,4.5,1.2,7,7,0.394,moderate
cand_1602,arch_027,Platform Engineer,0.357,0.815,0.282,0.807,0.482,0.0,0.643,4.0,4.5,-0.5,5,9,0.519,low
cand_1603,arch_027,Site Reliability Engineer (SRE),0.5,0.778,0.245,0.748,0.608,0.0,0.5,4.8,4.0,0.8,7,7,0.365,moderate
cand_1604,arch_027,Site Reliability Engineer (SRE),0.5,0.815,0.313,0.809,0.559,0.0,0.5,4.7,4.0,0.7,7,7,0.365,moderate
cand_1605,arch_027,Site Reliability Engineer (SRE),0.5,0.788,0.32,0.849,0.61,0.0,0.5,5.3,4.0,1.3,7,7,0.365,moderate
cand_1606,arch_027,Cybersecurity Analyst,0.273,0.661,0.283,0.6,0.608,0.0,0.727,4.8,2.5,2.3,3,8,0.471,low
cand_1607,arch_027,Cybersecurity Analyst,0.364,0.699,0.318,0.504,0.655,0.333,0.636,5.5,2.5,3.0,4,7,0.423,moderate
cand_1608,arch_027,Cybersecurity Analyst,0.273,0.736,0.245,0.625,0.538,0.0,0.727,6.5,2.5,4.0,3,8,0.471,low
cand_1609,arch_027,Cloud Security Engineer,0.385,0.771,0.263,0.541,0.543,0.0,0.615,4.8,4.0,0.8,5,8,0.471,low
cand_1610,arch_027,Cloud Security Engineer,0.385,0.688,0.297,0.592,0.587,0.0,0.615,6.2,4.0,2.2,5,8,0.471,moderate
cand_1611,arch_027,Cloud Security Engineer,0.308,0.728,0.27,0.61,0.535,0.0,0.692,4.3,4.0,0.3,4,9,0.519,low
cand_1612,arch_027,QA Automation Engineer,0.333,0.785,0.707,0.613,0.578,0.0,0.667,4.8,2.5,2.3,4,8,0.471,low
cand_1613,arch_027,QA Automation Engineer,0.417,0.651,0.64,0.619,0.667,0.0,0.583,5.7,2.5,3.2,5,7,0.423,moderate
cand_1614,arch_027,QA Automation Engineer,0.333,0.751,0.605,0.477,0.59,0.0,0.667,3.9,2.5,1.4,4,8,0.471,low
cand_1615,arch_027,Mobile Developer (React Native / Flutter),0.091,0.767,0.323,0.589,0.573,0.0,0.909,4.8,2.5,2.3,1,10,0.596,low
cand_1616,arch_027,Mobile Developer (React Native / Flutter),0.182,0.795,0.26,0.59,0.655,0.0,0.818,5.7,2.5,3.2,2,9,0.548,low
cand_1617,arch_027,Mobile Developer (React Native / Flutter),0.091,0.683,0.262,0.496,0.555,0.0,0.909,6.1,2.5,3.6,1,10,0.596,low
cand_1618,arch_027,Solutions Architect,0.357,0.751,0.345,0.597,0.579,0.0,0.643,4.8,6.5,-1.7,5,9,0.577,low
cand_1619,arch_027,Solutions Architect,0.357,0.689,0.266,0.583,0.589,0.0,0.643,5.7,6.5,-0.8,5,9,0.577,low
cand_1620,arch_027,Solutions Architect,0.286,0.687,0.317,0.621,0.478,0.0,0.714,4.3,6.5,-2.2,4,10,0.654,low
cand_1621,arch_028,Java Backend Developer,0.385,0.661,0.345,0.478,0.631,0.333,0.615,9.5,3.0,6.5,5,8,0.442,moderate
cand_1622,arch_028,Java Backend Developer,0.385,0.726,0.24,0.526,0.594,0.333,0.615,11.0,3.0,8.0,5,8,0.442,moderate
cand_1623,arch_028,Java Backend Developer,0.308,0.781,0.272,0.491,0.54,0.333,0.692,9.6,3.0,6.6,4,9,0.519,low
cand_1624,arch_028,Python Developer,0.25,0.687,0.358,0.57,0.534,0.333,0.75,9.5,2.5,7.0,3,9,0.548,low
cand_1625,arch_028,Python Developer,0.333,0.794,0.261,0.625,0.67,0.667,0.667,9.7,2.5,7.2,4,8,0.5,low
cand_1626,arch_028,Python Developer,0.25,0.765,0.253,0.589,0.572,0.333,0.75,11.4,2.5,8.9,3,9,0.548,low
cand_1627,arch_028,Full Stack Developer,0.143,0.745,0.344,0.571,0.588,0.0,0.857,9.5,3.0,6.5,2,12,0.721,low
cand_1628,arch_028,Full Stack Developer,0.143,0.692,0.264,0.571,0.619,0.0,0.857,10.6,3.0,7.6,2,12,0.721,low
cand_1629,arch_028,Full Stack Developer,0.143,0.757,0.292,0.494,0.581,0.0,0.857,9.7,3.0,6.7,2,12,0.721,low
cand_1630,arch_028,Frontend Developer,0.0,0.719,0.645,0.6,0.551,0.0,1.0,9.5,2.0,7.5,0,11,0.673,low
cand_1631,arch_028,Frontend Developer,0.091,0.669,0.624,0.52,0.705,0.0,0.909,10.1,2.0,8.1,1,10,0.625,low
cand_1632,arch_028,Frontend Developer,0.0,0.67,0.607,0.538,0.579,0.0,1.0,11.0,2.0,9.0,0,11,0.673,low
cand_1633,arch_028,Backend Developer,0.385,0.743,0.288,0.586,0.547,0.333,0.615,9.5,3.0,6.5,5,8,0.5,moderate
cand_1634,arch_028,Backend Developer,0.462,0.737,0.285,0.473,0.699,0.333,0.538,10.5,3.0,7.5,6,7,0.452,moderate
cand_1635,arch_028,Backend Developer,0.385,0.647,0.27,0.483,0.548,0.333,0.615,10.8,3.0,7.8,5,8,0.5,moderate
cand_1636,arch_028,Data Analyst,0.222,0.74,0.592,0.625,0.629,0.0,0.778,9.5,2.0,7.5,2,7,0.452,low
cand_1637,arch_028,Data Analyst,0.333,0.776,0.6,0.492,0.693,0.0,0.667,9.2,2.0,7.2,3,6,0.404,low
cand_1638,arch_028,Data Analyst,0.222,0.689,0.647,0.509,0.588,0.0,0.778,11.2,2.0,9.2,2,7,0.452,low
cand_1639,arch_028,Data Scientist,0.167,0.813,0.305,0.473,0.538,0.0,0.833,9.5,4.0,5.5,2,10,0.596,low
cand_1640,arch_028,Data Scientist,0.25,0.852,0.34,0.493,0.708,0.0,0.75,10.1,4.0,6.1,3,9,0.548,low
cand_1641,arch_028,Data Scientist,0.167,0.794,0.319,0.506,0.621,0.0,0.833,8.6,4.0,4.6,2,10,0.596,low
cand_1642,arch_028,Machine Learning Engineer,0.133,0.832,0.346,0.602,0.545,0.0,0.867,9.5,4.0,5.5,2,13,0.74,low
cand_1643,arch_028,Machine Learning Engineer,0.2,0.806,0.355,0.515,0.624,0.0,0.8,9.3,4.0,5.3,3,12,0.692,low
cand_1644,arch_028,Machine Learning Engineer,0.133,0.918,0.25,0.477,0.548,0.0,0.867,9.5,4.0,5.5,2,13,0.74,low
cand_1645,arch_028,AI Engineer,0.154,0.839,0.28,0.499,0.576,0.0,0.846,9.5,3.5,6.0,2,11,0.644,low
cand_1646,arch_028,AI Engineer,0.231,0.87,0.274,0.61,0.644,0.25,0.769,10.8,3.5,7.3,3,10,0.596,low
cand_1647,arch_028,AI Engineer,0.154,0.812,0.349,0.598,0.612,0.0,0.846,10.0,3.5,6.5,2,11,0.644,low
cand_1648,arch_028,MLOps Engineer,0.267,0.908,0.357,0.594,0.548,0.0,0.733,9.5,4.5,5.0,4,11,0.673,low
cand_1649,arch_028,MLOps Engineer,0.267,0.885,0.334,0.547,0.54,0.0,0.733,9.3,4.5,4.8,4,11,0.673,low
cand_1650,arch_028,MLOps Engineer,0.267,0.815,0.251,0.629,0.552,0.0,0.733,10.2,4.5,5.7,4,11,0.673,low
cand_1651,arch_028,Data Engineer,0.143,0.702,0.278,0.538,0.603,0.0,0.857,9.5,3.5,6.0,2,12,0.692,low
cand_1652,arch_028,Data Engineer,0.214,0.662,0.353,0.617,0.655,0.25,0.786,9.8,3.5,6.3,3,11,0.644,low
cand_1653,arch_028,Data Engineer,0.143,0.719,0.304,0.507,0.542,0.0,0.857,10.1,3.5,6.6,2,12,0.692,low
cand_1654,arch_028,DevOps Engineer,0.214,0.884,0.303,0.594,0.614,0.0,0.786,9.5,3.5,6.0,3,11,0.644,low
cand_1655,arch_028,DevOps Engineer,0.214,0.808,0.24,0.629,0.535,0.0,0.786,9.4,3.5,5.9,3,11,0.644,low
cand_1656,arch_028,DevOps Engineer,0.214,0.917,0.247,0.526,0.618,0.0,0.786,10.2,3.5,6.7,3,11,0.644,low
cand_1657,arch_028,Cloud Engineer,0.214,0.909,0.338,0.517,0.548,0.0,0.786,9.5,3.0,6.5,3,11,0.644,low
cand_1658,arch_028,Cloud Engineer,0.286,0.809,0.339,0.479,0.63,0.333,0.714,10.7,3.0,7.7,4,10,0.596,low
cand_1659,arch_028,Cloud Engineer,0.214,0.83,0.243,0.624,0.571,0.0,0.786,11.4,3.0,8.4,3,11,0.644,low
cand_1660,arch_028,Platform Engineer,0.286,0.882,0.32,0.482,0.617,0.0,0.714,9.5,4.5,5.0,4,10,0.596,low
cand_1661,arch_028,Platform Engineer,0.357,0.794,0.257,0.509,0.618,0.0,0.643,10.7,4.5,6.2,5,9,0.548,moderate
cand_1662,arch_028,Platform Engineer,0.286,0.892,0.296,0.492,0.586,0.0,0.714,11.0,4.5,6.5,4,10,0.596,low
cand_1663,arch_028,Site Reliability Engineer (SRE),0.214,0.922,0.296,0.586,0.578,0.0,0.786,9.5,4.0,5.5,3,11,0.644,low
cand_1664,arch_028,Site Reliability Engineer (SRE),0.286,0.816,0.259,0.611,0.62,0.0,0.714,10.3,4.0,6.3,4,10,0.596,low
cand_1665,arch_028,Site Reliability Engineer (SRE),0.214,0.772,0.34,0.579,0.621,0.0,0.786,10.8,4.0,6.8,3,11,0.644,low
cand_1666,arch_028,Cybersecurity Analyst,0.091,0.729,0.34,0.617,0.584,0.0,0.909,9.5,2.5,7.0,1,10,0.567,low
cand_1667,arch_028,Cybersecurity Analyst,0.182,0.789,0.273,0.485,0.654,0.0,0.818,10.4,2.5,7.9,2,9,0.519,low
cand_1668,arch_028,Cybersecurity Analyst,0.091,0.704,0.247,0.533,0.616,0.0,0.909,11.4,2.5,8.9,1,10,0.567,low
cand_1669,arch_028,Cloud Security Engineer,0.154,0.796,0.313,0.482,0.603,0.0,0.846,9.5,4.0,5.5,2,11,0.615,low
cand_1670,arch_028,Cloud Security Engineer,0.231,0.772,0.26,0.599,0.681,0.333,0.769,10.0,4.0,6.0,3,10,0.567,low
cand_1671,arch_028,Cloud Security Engineer,0.154,0.698,0.333,0.524,0.474,0.0,0.846,9.1,4.0,5.1,2,11,0.615,low
cand_1672,arch_028,QA Automation Engineer,0.167,0.666,0.603,0.504,0.534,0.0,0.833,9.5,2.5,7.0,2,10,0.625,low
cand_1673,arch_028,QA Automation Engineer,0.25,0.728,0.667,0.475,0.644,0.333,0.75,10.8,2.5,8.3,3,9,0.577,low
cand_1674,arch_028,QA Automation Engineer,0.167,0.73,0.685,0.477,0.565,0.0,0.833,11.4,2.5,8.9,2,10,0.625,low
cand_1675,arch_028,Mobile Developer (React Native / Flutter),0.0,0.791,0.241,0.527,0.562,0.0,1.0,9.5,2.5,7.0,0,11,0.673,low
cand_1676,arch_028,Mobile Developer (React Native / Flutter),0.091,0.69,0.287,0.527,0.63,0.0,0.909,9.8,2.5,7.3,1,10,0.625,low
cand_1677,arch_028,Mobile Developer (React Native / Flutter),0.0,0.783,0.3,0.55,0.611,0.0,1.0,10.5,2.5,8.0,0,11,0.673,low
cand_1678,arch_028,Solutions Architect,0.429,0.644,0.336,0.546,0.62,0.0,0.571,9.5,6.5,3.0,6,8,0.413,moderate
cand_1679,arch_028,Solutions Architect,0.5,0.664,0.296,0.612,0.626,0.333,0.5,9.1,6.5,2.6,7,7,0.365,moderate
cand_1680,arch_028,Solutions Architect,0.429,0.769,0.319,0.593,0.549,0.0,0.571,10.7,6.5,4.2,6,8,0.413,moderate
cand_1681,arch_029,Java Backend Developer,0.462,0.794,0.302,0.587,0.682,0.667,0.538,5.2,3.0,2.2,6,7,0.481,moderate
cand_1682,arch_029,Java Backend Developer,0.538,0.712,0.256,0.517,0.762,0.667,0.462,6.6,3.0,3.6,7,6,0.433,moderate
cand_1683,arch_029,Java Backend Developer,0.462,0.678,0.36,0.567,0.629,0.667,0.538,7.0,3.0,4.0,6,7,0.481,moderate
cand_1684,arch_029,Python Developer,0.417,0.731,0.359,0.486,0.618,0.333,0.583,5.2,2.5,2.7,5,7,0.452,moderate
cand_1685,arch_029,Python Developer,0.5,0.728,0.356,0.595,0.709,0.667,0.5,6.2,2.5,3.7,6,6,0.404,moderate
cand_1686,arch_029,Python Developer,0.417,0.789,0.259,0.515,0.653,0.333,0.583,4.5,2.5,2.0,5,7,0.452,moderate
cand_1687,arch_029,Full Stack Developer,0.143,0.654,0.262,0.594,0.642,0.0,0.857,5.2,3.0,2.2,2,12,0.75,low
cand_1688,arch_029,Full Stack Developer,0.214,0.762,0.293,0.618,0.794,0.333,0.786,5.6,3.0,2.6,3,11,0.702,low
cand_1689,arch_029,Full Stack Developer,0.143,0.698,0.274,0.535,0.679,0.0,0.857,7.1,3.0,4.1,2,12,0.75,low
cand_1690,arch_029,Frontend Developer,0.091,0.749,0.643,0.552,0.679,0.0,0.909,5.2,2.0,3.2,1,10,0.625,low
cand_1691,arch_029,Frontend Developer,0.182,0.749,0.651,0.512,0.788,0.5,0.818,5.3,2.0,3.3,2,9,0.577,low
cand_1692,arch_029,Frontend Developer,0.091,0.743,0.679,0.509,0.699,0.0,0.909,6.2,2.0,4.2,1,10,0.625,low
cand_1693,arch_029,Backend Developer,0.308,0.641,0.342,0.517,0.632,0.667,0.692,5.2,3.0,2.2,4,9,0.577,low
cand_1694,arch_029,Backend Developer,0.385,0.676,0.345,0.577,0.735,0.667,0.615,5.5,3.0,2.5,5,8,0.529,moderate
cand_1695,arch_029,Backend Developer,0.308,0.771,0.253,0.499,0.628,0.667,0.692,5.6,3.0,2.6,4,9,0.577,low
cand_1696,arch_029,Data Analyst,0.111,0.794,0.638,0.539,0.657,0.0,0.889,5.2,2.0,3.2,1,8,0.529,low
cand_1697,arch_029,Data Analyst,0.111,0.799,0.648,0.582,0.664,0.0,0.889,4.8,2.0,2.8,1,8,0.529,low
cand_1698,arch_029,Data Analyst,0.111,0.792,0.607,0.504,0.59,0.0,0.889,5.0,2.0,3.0,1,8,0.529,low
cand_1699,arch_029,Data Scientist,0.25,0.928,0.333,0.48,0.698,0.0,0.75,5.2,4.0,1.2,3,9,0.548,low
cand_1700,arch_029,Data Scientist,0.333,0.804,0.265,0.474,0.776,0.333,0.667,6.3,4.0,2.3,4,8,0.5,low
cand_1701,arch_029,Data Scientist,0.25,0.783,0.248,0.535,0.563,0.0,0.75,5.5,4.0,1.5,3,9,0.548,low
cand_1702,arch_029,Machine Learning Engineer,0.333,0.884,0.345,0.554,0.684,0.0,0.667,5.2,4.0,1.2,5,10,0.596,low
cand_1703,arch_029,Machine Learning Engineer,0.333,0.785,0.348,0.525,0.692,0.0,0.667,5.2,4.0,1.2,5,10,0.596,low
cand_1704,arch_029,Machine Learning Engineer,0.333,0.837,0.297,0.58,0.633,0.0,0.667,4.7,4.0,0.7,5,10,0.596,low
cand_1705,arch_029,AI Engineer,0.231,0.881,0.283,0.581,0.656,0.0,0.769,5.2,3.5,1.7,3,10,0.596,low
cand_1706,arch_029,AI Engineer,0.308,0.782,0.32,0.569,0.732,0.25,0.692,4.7,3.5,1.2,4,9,0.548,low
cand_1707,arch_029,AI Engineer,0.231,0.889,0.328,0.521,0.632,0.0,0.769,7.2,3.5,3.7,3,10,0.596,low
cand_1708,arch_029,MLOps Engineer,0.467,0.843,0.258,0.608,0.628,0.0,0.533,5.2,4.5,0.7,7,8,0.385,moderate
cand_1709,arch_029,MLOps Engineer,0.533,0.812,0.327,0.628,0.794,0.25,0.467,6.6,4.5,2.1,8,7,0.337,moderate
cand_1710,arch_029,MLOps Engineer,0.467,0.872,0.309,0.476,0.691,0.0,0.533,6.8,4.5,2.3,7,8,0.385,moderate
cand_1711,arch_029,Data Engineer,0.357,0.67,0.324,0.594,0.677,0.0,0.643,5.2,3.5,1.7,5,9,0.49,low
cand_1712,arch_029,Data Engineer,0.429,0.792,0.357,0.562,0.701,0.25,0.571,5.1,3.5,1.6,6,8,0.442,moderate
cand_1713,arch_029,Data Engineer,0.357,0.72,0.344,0.582,0.598,0.0,0.643,6.6,3.5,3.1,5,9,0.49,moderate
cand_1714,arch_029,DevOps Engineer,0.5,0.843,0.289,0.526,0.671,0.0,0.5,5.2,3.5,1.7,7,7,0.337,moderate
cand_1715,arch_029,DevOps Engineer,0.571,0.788,0.261,0.539,0.718,0.0,0.429,5.7,3.5,2.2,8,6,0.288,moderate
cand_1716,arch_029,DevOps Engineer,0.5,0.831,0.341,0.58,0.66,0.0,0.5,6.0,3.5,2.5,7,7,0.337,moderate
cand_1717,arch_029,Cloud Engineer,0.5,0.815,0.314,0.618,0.702,0.0,0.5,5.2,3.0,2.2,7,7,0.365,moderate
cand_1718,arch_029,Cloud Engineer,0.571,0.784,0.242,0.619,0.71,0.333,0.429,6.7,3.0,3.7,8,6,0.317,moderate
cand_1719,arch_029,Cloud Engineer,0.5,0.857,0.316,0.551,0.697,0.0,0.5,6.4,3.0,3.4,7,7,0.365,moderate
cand_1720,arch_029,Platform Engineer,0.5,0.877,0.342,0.504,0.694,0.0,0.5,5.2,4.5,0.7,7,7,0.394,moderate
cand_1721,arch_029,Platform Engineer,0.5,0.801,0.296,0.49,0.713,0.0,0.5,5.8,4.5,1.3,7,7,0.394,moderate
cand_1722,arch_029,Platform Engineer,0.5,0.901,0.324,0.589,0.617,0.0,0.5,6.9,4.5,2.4,7,7,0.394,moderate
cand_1723,arch_029,Site Reliability Engineer (SRE),0.5,0.83,0.267,0.515,0.705,0.0,0.5,5.2,4.0,1.2,7,7,0.365,moderate
cand_1724,arch_029,Site Reliability Engineer (SRE),0.571,0.878,0.24,0.615,0.703,0.333,0.429,5.2,4.0,1.2,8,6,0.317,moderate
cand_1725,arch_029,Site Reliability Engineer (SRE),0.5,0.905,0.302,0.589,0.648,0.0,0.5,4.3,4.0,0.3,7,7,0.365,moderate
cand_1726,arch_029,Cybersecurity Analyst,0.273,0.667,0.309,0.539,0.672,0.0,0.727,5.2,2.5,2.7,3,8,0.471,low
cand_1727,arch_029,Cybersecurity Analyst,0.364,0.743,0.339,0.598,0.758,0.333,0.636,5.5,2.5,3.0,4,7,0.423,moderate
cand_1728,arch_029,Cybersecurity Analyst,0.273,0.796,0.261,0.615,0.668,0.0,0.727,4.6,2.5,2.1,3,8,0.471,low
cand_1729,arch_029,Cloud Security Engineer,0.538,0.71,0.252,0.598,0.667,0.0,0.462,5.2,4.0,1.2,7,6,0.317,moderate
cand_1730,arch_029,Cloud Security Engineer,0.615,0.775,0.315,0.512,0.755,0.333,0.385,6.0,4.0,2.0,8,5,0.269,moderate
cand_1731,arch_029,Cloud Security Engineer,0.462,0.644,0.241,0.593,0.549,0.0,0.538,7.0,4.0,3.0,6,7,0.394,moderate
cand_1732,arch_029,QA Automation Engineer,0.417,0.739,0.655,0.626,0.674,0.0,0.583,5.2,2.5,2.7,5,7,0.423,moderate
cand_1733,arch_029,QA Automation Engineer,0.417,0.661,0.644,0.571,0.652,0.0,0.583,4.8,2.5,2.3,5,7,0.423,moderate
cand_1734,arch_029,QA Automation Engineer,0.417,0.688,0.654,0.509,0.695,0.0,0.583,4.9,2.5,2.4,5,7,0.423,moderate
cand_1735,arch_029,Mobile Developer (React Native / Flutter),0.091,0.766,0.332,0.575,0.644,0.0,0.909,5.2,2.5,2.7,1,10,0.596,low
cand_1736,arch_029,Mobile Developer (React Native / Flutter),0.182,0.644,0.358,0.609,0.711,0.0,0.818,6.6,2.5,4.1,2,9,0.548,low
cand_1737,arch_029,Mobile Developer (React Native / Flutter),0.091,0.685,0.347,0.485,0.583,0.0,0.909,7.0,2.5,4.5,1,10,0.596,low
cand_1738,arch_029,Solutions Architect,0.357,0.698,0.341,0.533,0.666,0.0,0.643,5.2,6.5,-1.3,5,9,0.577,low
cand_1739,arch_029,Solutions Architect,0.357,0.718,0.315,0.504,0.659,0.0,0.643,4.7,6.5,-1.8,5,9,0.577,low
cand_1740,arch_029,Solutions Architect,0.357,0.712,0.259,0.518,0.707,0.0,0.643,6.9,6.5,0.4,5,9,0.577,low
cand_1741,arch_030,Java Backend Developer,0.308,0.746,0.316,0.607,0.462,0.333,0.692,4.2,3.0,1.2,4,9,0.519,low
cand_1742,arch_030,Java Backend Developer,0.385,0.717,0.314,0.557,0.549,0.333,0.615,4.4,3.0,1.4,5,8,0.471,low
cand_1743,arch_030,Java Backend Developer,0.308,0.671,0.244,0.474,0.501,0.333,0.692,5.4,3.0,2.4,4,9,0.519,low
cand_1744,arch_030,Python Developer,0.417,0.664,0.344,0.488,0.472,0.333,0.583,4.2,2.5,1.7,5,7,0.394,moderate
cand_1745,arch_030,Python Developer,0.5,0.653,0.323,0.49,0.561,0.333,0.5,4.4,2.5,1.9,6,6,0.346,moderate
cand_1746,arch_030,Python Developer,0.333,0.728,0.275,0.589,0.416,0.333,0.667,3.8,2.5,1.3,4,8,0.471,low
cand_1747,arch_030,Full Stack Developer,0.214,0.722,0.288,0.501,0.467,0.0,0.786,4.2,3.0,1.2,3,11,0.644,low
cand_1748,arch_030,Full Stack Developer,0.286,0.794,0.252,0.597,0.592,0.333,0.714,5.1,3.0,2.1,4,10,0.596,low
cand_1749,arch_030,Full Stack Developer,0.143,0.718,0.346,0.538,0.441,0.0,0.857,3.7,3.0,0.7,2,12,0.721,low
cand_1750,arch_030,Frontend Developer,0.182,0.771,0.665,0.567,0.493,0.0,0.818,4.2,2.0,2.2,2,9,0.548,low
cand_1751,arch_030,Frontend Developer,0.273,0.784,0.688,0.542,0.622,0.0,0.727,4.8,2.0,2.8,3,8,0.5,low
cand_1752,arch_030,Frontend Developer,0.182,0.687,0.689,0.573,0.463,0.0,0.818,6.1,2.0,4.1,2,9,0.548,low
cand_1753,arch_030,Backend Developer,0.308,0.696,0.244,0.499,0.482,0.333,0.692,4.2,3.0,1.2,4,9,0.519,low
cand_1754,arch_030,Backend Developer,0.308,0.679,0.266,0.529,0.465,0.333,0.692,5.3,3.0,2.3,4,9,0.519,low
cand_1755,arch_030,Backend Developer,0.231,0.642,0.279,0.544,0.446,0.333,0.769,4.1,3.0,1.1,3,10,0.596,low
cand_1756,arch_030,Data Analyst,0.333,0.784,0.657,0.532,0.51,0.0,0.667,4.2,2.0,2.2,3,6,0.404,low
cand_1757,arch_030,Data Analyst,0.444,0.73,0.676,0.621,0.614,0.5,0.556,4.8,2.0,2.8,4,5,0.356,moderate
cand_1758,arch_030,Data Analyst,0.333,0.743,0.672,0.54,0.531,0.0,0.667,5.2,2.0,3.2,3,6,0.404,low
cand_1759,arch_030,Data Scientist,0.25,0.802,0.246,0.549,0.455,0.0,0.75,4.2,4.0,0.2,3,9,0.519,low
cand_1760,arch_030,Data Scientist,0.25,0.79,0.261,0.522,0.488,0.0,0.75,4.2,4.0,0.2,3,9,0.519,low
cand_1761,arch_030,Data Scientist,0.25,0.895,0.309,0.471,0.413,0.0,0.75,4.9,4.0,0.9,3,9,0.519,low
cand_1762,arch_030,Machine Learning Engineer,0.267,0.791,0.356,0.476,0.503,0.0,0.733,4.2,4.0,0.2,4,11,0.615,low
cand_1763,arch_030,Machine Learning Engineer,0.333,0.873,0.248,0.485,0.614,0.0,0.667,4.8,4.0,0.8,5,10,0.567,low
cand_1764,arch_030,Machine Learning Engineer,0.2,0.834,0.307,0.52,0.428,0.0,0.8,5.4,4.0,1.4,3,12,0.692,low
cand_1765,arch_030,AI Engineer,0.308,0.833,0.324,0.543,0.535,0.0,0.692,4.2,3.5,0.7,4,9,0.49,low
cand_1766,arch_030,AI Engineer,0.385,0.905,0.353,0.486,0.556,0.0,0.615,5.6,3.5,2.1,5,8,0.442,moderate
cand_1767,arch_030,AI Engineer,0.231,0.908,0.327,0.506,0.375,0.0,0.769,5.7,3.5,2.2,3,10,0.567,low
cand_1768,arch_030,MLOps Engineer,0.333,0.886,0.337,0.601,0.504,0.0,0.667,4.2,4.5,-0.3,5,10,0.596,low
cand_1769,arch_030,MLOps Engineer,0.4,0.812,0.334,0.488,0.628,0.0,0.6,3.7,4.5,-0.8,6,9,0.548,low
cand_1770,arch_030,MLOps Engineer,0.333,0.868,0.337,0.513,0.467,0.0,0.667,3.4,4.5,-1.1,5,10,0.596,low
cand_1771,arch_030,Data Engineer,0.286,0.662,0.295,0.49,0.536,0.0,0.714,4.2,3.5,0.7,4,10,0.567,low
cand_1772,arch_030,Data Engineer,0.357,0.742,0.32,0.553,0.557,0.25,0.643,5.2,3.5,1.7,5,9,0.519,low
cand_1773,arch_030,Data Engineer,0.286,0.685,0.333,0.547,0.459,0.0,0.714,4.6,3.5,1.1,4,10,0.567,low
cand_1774,arch_030,DevOps Engineer,0.214,0.893,0.325,0.526,0.534,0.0,0.786,4.2,3.5,0.7,3,11,0.644,low
cand_1775,arch_030,DevOps Engineer,0.286,0.881,0.249,0.549,0.555,0.333,0.714,4.2,3.5,0.7,4,10,0.596,low
cand_1776,arch_030,DevOps Engineer,0.214,0.832,0.299,0.524,0.531,0.0,0.786,5.2,3.5,1.7,3,11,0.644,low
cand_1777,arch_030,Cloud Engineer,0.357,0.892,0.302,0.52,0.544,0.0,0.643,4.2,3.0,1.2,5,9,0.519,low
cand_1778,arch_030,Cloud Engineer,0.357,0.906,0.253,0.491,0.542,0.0,0.643,5.1,3.0,2.1,5,9,0.519,moderate
cand_1779,arch_030,Cloud Engineer,0.357,0.869,0.264,0.534,0.457,0.0,0.643,4.4,3.0,1.4,5,9,0.519,low
cand_1780,arch_030,Platform Engineer,0.214,0.838,0.322,0.622,0.508,0.0,0.786,4.2,4.5,-0.3,3,11,0.702,low
cand_1781,arch_030,Platform Engineer,0.286,0.91,0.329,0.508,0.623,0.0,0.714,3.9,4.5,-0.6,4,10,0.654,low
cand_1782,arch_030,Platform Engineer,0.214,0.855,0.282,0.489,0.422,0.0,0.786,3.8,4.5,-0.7,3,11,0.702,low
cand_1783,arch_030,Site Reliability Engineer (SRE),0.214,0.827,0.265,0.534,0.493,0.0,0.786,4.2,4.0,0.2,3,11,0.673,low
cand_1784,arch_030,Site Reliability Engineer (SRE),0.286,0.814,0.252,0.574,0.607,0.0,0.714,4.4,4.0,0.4,4,10,0.625,low
cand_1785,arch_030,Site Reliability Engineer (SRE),0.143,0.798,0.273,0.567,0.419,0.0,0.857,4.5,4.0,0.5,2,12,0.721,low
cand_1786,arch_030,Cybersecurity Analyst,0.273,0.657,0.246,0.51,0.461,0.0,0.727,4.2,2.5,1.7,3,8,0.471,low
cand_1787,arch_030,Cybersecurity Analyst,0.273,0.732,0.269,0.555,0.478,0.0,0.727,3.9,2.5,1.4,3,8,0.471,low
cand_1788,arch_030,Cybersecurity Analyst,0.273,0.705,0.287,0.505,0.532,0.0,0.727,5.8,2.5,3.3,3,8,0.471,low
cand_1789,arch_030,Cloud Security Engineer,0.231,0.751,0.299,0.497,0.47,0.0,0.769,4.2,4.0,0.2,3,10,0.596,low
cand_1790,arch_030,Cloud Security Engineer,0.231,0.757,0.251,0.551,0.52,0.0,0.769,5.0,4.0,1.0,3,10,0.596,low
cand_1791,arch_030,Cloud Security Engineer,0.231,0.785,0.269,0.52,0.457,0.0,0.769,4.6,4.0,0.6,3,10,0.596,low
cand_1792,arch_030,QA Automation Engineer,0.333,0.67,0.698,0.493,0.451,0.0,0.667,4.2,2.5,1.7,4,8,0.442,low
cand_1793,arch_030,QA Automation Engineer,0.417,0.643,0.707,0.611,0.55,0.333,0.583,4.6,2.5,2.1,5,7,0.394,moderate
cand_1794,arch_030,QA Automation Engineer,0.25,0.795,0.66,0.548,0.391,0.0,0.75,5.5,2.5,3.0,3,9,0.519,low
cand_1795,arch_030,Mobile Developer (React Native / Flutter),0.182,0.658,0.338,0.561,0.549,0.0,0.818,4.2,2.5,1.7,2,9,0.519,low
cand_1796,arch_030,Mobile Developer (React Native / Flutter),0.273,0.721,0.331,0.594,0.543,0.0,0.727,5.4,2.5,2.9,3,8,0.471,low
cand_1797,arch_030,Mobile Developer (React Native / Flutter),0.182,0.719,0.282,0.557,0.516,0.0,0.818,5.6,2.5,3.1,2,9,0.519,low
cand_1798,arch_030,Solutions Architect,0.357,0.681,0.295,0.602,0.48,0.0,0.643,4.2,6.5,-2.3,5,9,0.49,low
cand_1799,arch_030,Solutions Architect,0.429,0.658,0.322,0.587,0.535,0.333,0.571,4.4,6.5,-2.1,6,8,0.442,low
cand_1800,arch_030,Solutions Architect,0.357,0.745,0.257,0.55,0.474,0.0,0.643,6.1,6.5,-0.4,5,9,0.49,low
